track_name,artist(s)_name,artist_count,released_year,released_month,released_day,in_spotify_playlists,in_spotify_charts,streams,in_apple_playlists,in_apple_charts,in_deezer_playlists,in_deezer_charts,in_shazam_charts,bpm,key,mode,danceability_%,valence_%,energy_%,acousticness_%,instrumentalness_%,liveness_%,speechiness_%,release_date,song_age,stream_group,bpm_group,energy_group,dance_group,song_type,platform_score,hit_score,cross_platform_success,streams_log
Seven (feat. Latto) (Explicit Ver.),"Latto, Jung Kook",2,2023,7,14,553,147,141381703.0,43,263,45,10,826.0,125,B,Major,80,89,83,31,0,8,4,2023-07-14,0,low,fast,high_energy,high_dance,party_song,1887.0,113105432.4,641,18.76697391125858
LALA,Myke Towers,1,2023,3,23,1474,48,133716286.0,48,126,58,14,382.0,92,C#,Major,71,61,74,7,0,10,4,2023-03-23,0,low,medium,high_energy,high_dance,party_song,2150.0,106973181.00000001,1580,18.71123085215489
vampire,Olivia Rodrigo,1,2023,6,30,1397,113,140003974.0,94,207,91,14,949.0,138,F,Major,51,32,53,17,0,31,6,2023-06-30,0,low,fast,mid_energy,mid_dance,other,2865.0,112003330.2,1582,18.757181373027652
Cruel Summer,Taylor Swift,1,2019,8,23,7858,100,800840817.0,116,207,125,12,548.0,170,A,Major,55,58,72,11,0,11,15,2019-08-23,4,high,fast,high_energy,mid_dance,other,8966.0,640673449.4,8099,20.50117275619475
WHERE SHE GOES,Bad Bunny,1,2023,5,18,3133,50,303236322.0,84,133,87,15,425.0,144,A,Minor,65,23,80,14,63,11,6,2023-05-18,0,mid,fast,high_energy,mid_dance,sad_song,3927.0,242589375.90000004,3304,19.530023003369852
Sprinter,"Dave, Central Cee",2,2023,6,1,2186,91,183706234.0,67,213,88,17,946.0,141,C#,Major,92,66,58,19,0,8,24,2023-06-01,0,mid,fast,mid_energy,high_dance,other,3608.0,146965214.9,2341,19.028848490817857
Ella Baila Sola,"Eslabon Armado, Peso Pluma",2,2023,3,16,3090,50,725980112.0,34,222,43,13,418.0,148,F,Minor,67,83,76,48,0,8,3,2023-03-16,0,high,fast,high_energy,mid_dance,other,3870.0,580784403.6,3167,20.403033179851903
Columbia,Quevedo,1,2023,7,7,714,43,58149378.0,25,89,30,13,194.0,100,F,Major,67,26,71,37,0,11,4,2023-07-07,0,low,medium,high_energy,mid_dance,sad_song,1108.0,46519578.1,769,17.878525757594193
fukumean,Gunna,1,2023,5,15,1096,83,95217315.0,60,210,48,11,953.0,130,C#,Minor,85,22,62,12,0,28,9,2023-05-15,0,low,fast,mid_energy,high_dance,sad_song,2461.0,76173969.89999999,1204,18.371672373977777
La Bebe - Remix,"Peso Pluma, Yng Lvcas",2,2023,3,17,2953,44,553634067.0,49,110,66,13,339.0,170,D,Minor,81,56,48,21,0,8,33,2023-03-17,0,high,fast,mid_energy,high_dance,other,3574.0,442907553.3,3068,20.132014499391627
un x100to,"Bad Bunny, Grupo Frontera",2,2023,4,17,2876,40,505671438.0,41,205,54,12,251.0,83,F#,Minor,57,56,72,23,0,27,5,2023-04-17,0,high,slow,high_energy,mid_dance,other,3479.0,404537442.00000006,2971,20.041397686306162
Super Shy,NewJeans,1,2023,7,7,422,55,58255150.0,37,202,21,5,168.0,150,F,Minor,78,52,82,18,0,15,7,2023-07-07,0,low,fast,high_energy,high_dance,party_song,910.0,46604167.7,480,17.880343075685005
Flowers,Miley Cyrus,1,2023,1,12,12211,115,1316855716.0,300,215,745,58,1021.0,118,Unknown,Major,71,65,68,6,0,3,7,2023-01-12,0,high,medium,mid_energy,high_dance,other,14665.0,1053485805.4000001,13256,20.998512699415993
Daylight,David Kushner,1,2023,4,14,3528,98,387570742.0,80,156,182,24,1281.0,130,D,Minor,51,32,43,83,0,9,3,2023-04-14,0,mid,fast,mid_energy,mid_dance,chill_song,5349.0,310056956.20000005,3790,19.7754089526758
As It Was,Harry Styles,1,2022,3,31,23575,130,2513188493.0,403,198,863,46,0.0,174,F#,Minor,52,66,73,34,0,31,6,2022-03-31,1,high,fast,high_energy,mid_dance,other,25215.0,2010553164.9,24841,21.644818100255623
Kill Bill,SZA,1,2022,12,8,8109,77,1163093654.0,183,162,161,12,187.0,89,G#,Major,64,43,73,5,17,16,4,2022-12-08,1,high,slow,high_energy,mid_dance,other,8891.0,930475741.8000001,8453,20.874349236045482
Cupid - Twin Ver.,Fifty Fifty,1,2023,2,24,2942,77,496795686.0,91,212,78,6,0.0,120,B,Minor,78,76,59,43,0,34,3,2023-02-24,0,high,medium,mid_energy,high_dance,other,3406.0,397436850.7,3111,20.023689406983863
"What Was I Made For? [From The Motion Picture ""Barbie""]",Billie Eilish,1,2023,7,13,873,104,30546883.0,80,227,95,24,1173.0,78,Unknown,Major,44,14,9,96,0,10,3,2023-07-13,0,low,slow,low_energy,mid_dance,chill_song,2576.0,24437604.1,1048,17.23477324165318
Classy 101,"Feid, Young Miko",2,2023,3,31,2610,40,335222234.0,43,100,54,14,187.0,100,B,Major,86,67,66,14,0,12,16,2023-03-31,0,mid,medium,mid_energy,high_dance,other,3048.0,268178052.20000002,2707,19.63030425790445
Like Crazy,Jimin,1,2023,3,24,596,68,363369738.0,8,104,23,2,29.0,120,G,Major,63,36,73,0,0,36,4,2023-03-24,0,mid,medium,high_energy,mid_dance,other,830.0,290695856.8000001,627,19.710931438582328
LADY GAGA,"Gabito Ballesteros, Junior H, Peso Pluma",3,2023,6,22,332,26,86444842.0,11,163,10,4,0.0,140,F,Minor,65,87,74,22,0,42,4,2023-06-22,0,low,fast,high_energy,mid_dance,other,546.0,69155909.4,353,18.275017115335665
I Can See You (Taylorï¿½ï¿½ï¿½s Version) (From The ,Taylor Swift,1,2023,7,7,516,38,52135248.0,73,119,42,1,150.0,123,F#,Major,69,82,76,6,0,6,3,2023-07-07,0,low,fast,high_energy,mid_dance,other,939.0,41708253.800000004,631,17.769351842256572
I Wanna Be Yours,Arctic Monkeys,1,2013,1,1,12859,110,1297026226.0,24,98,582,2,73.0,135,Unknown,Minor,48,44,42,12,2,11,3,2013-01-01,10,high,fast,mid_energy,mid_dance,other,13748.0,1037622277.7,13465,20.983339963356148
"Peso Pluma: Bzrp Music Sessions, Vol. 55","Bizarrap, Peso Pluma",2,2023,5,31,1313,40,200647221.0,17,152,32,11,139.0,133,F,Minor,85,81,67,26,0,12,5,2023-05-31,0,mid,fast,mid_energy,high_dance,other,1704.0,160517912.10000002,1362,19.117058809577617
Popular (with Playboi Carti & Madonna) - The Idol Vol. 1 (Music from the HBO Original Series),"The Weeknd, Madonna, Playboi Carti",3,2023,6,2,1945,87,115364561.0,74,182,87,14,1093.0,99,C#,Major,85,83,68,7,0,36,20,2023-06-02,0,low,medium,mid_energy,high_dance,other,3482.0,92291852.00000001,2106,18.563607776488762
SABOR FRESA,Fuerza Regida,1,2023,6,22,250,26,78300654.0,16,149,10,5,168.0,130,G,Minor,79,96,86,9,0,9,9,2023-06-22,0,low,fast,high_energy,high_dance,party_song,624.0,62640550.800000004,276,18.176066526187856
Calm Down (with Selena Gomez),"Rï¿½ï¿½ma, Selena G",2,2022,3,25,7112,77,899183384.0,202,119,318,38,96.0,107,B,Major,80,82,80,43,0,14,4,2022-03-25,1,high,medium,high_energy,high_dance,party_song,7962.0,719347426.1000001,7632,20.6169975593974
MOJABI GHOST,"Tainy, Bad Bunny",2,2023,6,29,859,40,61245289.0,35,109,41,14,211.0,122,F#,Minor,81,74,71,14,0,56,4,2023-06-29,0,low,fast,high_energy,high_dance,party_song,1309.0,48996321.1,935,17.930397506473128
Last Night,Morgan Wallen,1,2023,1,31,2420,19,429829812.0,52,107,15,1,325.0,204,F#,Major,52,52,68,46,0,15,4,2023-01-31,0,mid,fast,mid_energy,mid_dance,other,2939.0,343864093.5,2487,19.878899904587904
Dance The Night (From Barbie The Album),Dua Lipa,1,2023,5,25,2988,101,127408954.0,0,0,143,38,0.0,110,B,Minor,67,78,85,2,0,33,5,2023-05-25,0,low,medium,high_energy,mid_dance,other,3270.0,101927472.1,3131,18.662912589055942
Rush,Troye Sivan,1,2023,7,13,864,78,22581161.0,71,135,50,1,294.0,126,F,Minor,74,35,84,0,0,11,6,2023-07-13,0,low,fast,high_energy,high_dance,party_song,1493.0,18065023.0,985,16.93262657683202
TULUM,"Peso Pluma, Grupo Frontera",2,2023,6,28,266,34,52294266.0,20,185,13,8,197.0,168,F#,Major,56,63,87,39,0,11,5,2023-06-28,0,low,fast,high_energy,mid_dance,other,723.0,41835442.800000004,299,17.77239730543588
Creepin',"The Weeknd, 21 Savage, Metro Boomin",3,2022,12,2,6036,88,843957510.0,113,149,245,23,27.0,98,C#,Minor,71,17,61,36,0,8,5,2022-12-02,1,high,medium,mid_energy,high_dance,sad_song,6681.0,675166620.4,6394,20.55361270887595
Anti-Hero,Taylor Swift,1,2022,10,21,9082,56,999748277.0,242,142,165,9,310.0,97,E,Major,64,51,63,12,0,19,5,2022-10-21,1,high,medium,mid_energy,mid_dance,other,10006.0,799799535.4000001,9489,20.723014083259113
TQG,"Karol G, Shakira",2,2023,2,23,4284,49,618990393.0,115,123,184,18,354.0,180,E,Minor,72,61,63,67,0,9,28,2023-02-23,0,high,fast,mid_energy,high_dance,other,5127.0,495192747.7,4583,20.243600311950104
Los del Espacio,"Big One, Duki, Lit Killah, Maria Becerra, FMK, Rusherking, Emilia, Tiago pzk",8,2023,6,1,1150,31,123122413.0,22,33,34,7,184.0,120,Unknown,Major,81,63,68,11,0,11,4,2023-06-01,0,low,medium,mid_energy,high_dance,other,1461.0,98498048.5,1206,18.628689654190275
Frï¿½ï¿½gil (feat. Grupo Front,"Yahritza Y Su Esencia, Grupo Frontera",2,2023,4,7,672,34,188933502.0,19,108,24,9,212.0,150,F#,Major,61,39,73,37,0,11,3,2023-04-07,0,mid,fast,high_energy,mid_dance,other,1078.0,151146872.2,715,19.05690567513628
Blank Space,Taylor Swift,1,2014,1,1,11434,53,1355959075.0,154,123,410,2,81.0,96,F,Major,75,57,68,9,0,13,6,2014-01-01,9,high,medium,mid_energy,high_dance,other,12257.0,1084768408.7,11998,21.027774846068187
Style,Taylor Swift,1,2014,1,1,7830,42,786181836.0,94,111,151,4,82.0,95,D,Major,60,48,79,0,0,12,4,2014-01-01,9,high,medium,high_energy,mid_dance,other,8314.0,628946256.0000001,8075,20.48269866842112
TQM,Fuerza Regida,1,2023,5,19,584,28,176553476.0,16,159,15,6,100.0,125,F,Minor,79,96,85,27,0,11,6,2023-05-19,0,low,fast,high_energy,high_dance,party_song,908.0,141242842.00000003,615,18.98913437428238
El Azul,"Junior H, Peso Pluma",2,2023,2,10,692,25,354495408.0,10,107,6,3,62.0,144,A,Minor,56,84,65,23,0,10,6,2023-02-10,0,mid,fast,mid_energy,mid_dance,other,905.0,283596398.1,708,19.6862059532179
Sunflower - Spider-Man: Into the Spider-Verse,"Post Malone, Swae Lee",2,2018,10,9,24094,78,2808096550.0,372,117,843,4,69.0,90,D,Major,76,91,50,54,0,7,5,2018-10-09,5,high,slow,mid_energy,high_dance,other,25577.0,2246479657.2000003,25309,21.75577270677811
I'm Good (Blue),"Bebe Rexha, David Guetta",2,2022,8,26,12482,80,1109433169.0,291,184,537,45,727.0,128,G,Minor,56,38,97,4,0,35,4,2022-08-26,1,high,fast,high_energy,mid_dance,other,14346.0,887547791.4000001,13310,20.82711506418297
See You Again,"Tyler, The Creator, Kali Uchis",3,2017,7,21,13387,64,1047101291.0,77,58,247,1,311.0,79,F#,Major,56,58,56,37,0,11,10,2017-07-21,6,high,slow,mid_energy,mid_dance,other,14145.0,837682377.9000001,13711,20.76929150914099
Barbie World (with Aqua) [From Barbie The Album],"Nicki Minaj, Aqua, Ice Spice",3,2023,6,23,1117,80,65156199.0,82,145,65,16,1133.0,144,Unknown,Major,77,75,58,52,0,23,25,2023-06-23,0,low,fast,mid_energy,high_dance,other,2638.0,52125078.900000006,1264,17.992298022011063
Angels Like You,Miley Cyrus,1,2020,11,27,3372,19,570515054.0,65,48,138,1,102.0,122,F,Major,67,49,64,10,0,10,3,2020-11-27,3,high,fast,mid_energy,mid_dance,other,3745.0,456412382.3,3575,20.16205011605056
I Ain't Worried,OneRepublic,1,2022,5,13,8431,76,1085685420.0,241,127,458,37,332.0,140,Unknown,Major,71,82,81,11,0,6,5,2022-05-13,1,high,fast,high_energy,high_dance,party_song,9702.0,868549186.7,9130,20.80547734890892
Die For You,The Weeknd,1,2016,11,24,2483,59,1647990401.0,68,21,24,0,259.0,134,C#,Minor,59,51,52,9,0,15,7,2016-11-24,7,high,fast,mid_energy,mid_dance,other,2914.0,1318392575.0000002,2575,21.222822444387607
Starboy,"The Weeknd, Daft Punk",2,2016,9,21,29536,79,2565529693.0,281,137,2445,1,140.0,186,G,Major,68,49,59,16,0,13,28,2016-09-21,7,high,fast,mid_energy,mid_dance,other,32619.0,2052426715.9,32262,21.66543080263129
Die For You - Remix,"Ariana Grande, The Weeknd",2,2023,2,24,3408,47,518745108.0,87,86,74,1,16.0,67,C#,Minor,53,50,53,23,0,44,7,2023-02-24,0,high,slow,mid_energy,mid_dance,other,3719.0,414996431.90000004,3569,20.066923201031
El Cielo,"Feid, Myke Towers, Sky Rompiendo",3,2023,6,2,1298,38,107753850.0,44,64,57,10,110.0,106,A#,Minor,72,17,64,7,0,10,5,2023-06-02,0,low,medium,mid_energy,high_dance,sad_song,1621.0,86203213.6,1399,18.49536002644868
Baby Don't Hurt Me,"David Guetta, Anne-Marie, Coi Leray",3,2023,4,6,4277,66,177740666.0,145,111,213,11,810.0,128,G,Major,60,23,91,0,0,12,3,2023-04-06,0,low,fast,high_energy,mid_dance,sad_song,5633.0,142192967.1,4635,18.995836118940005
AMARGURA,Karol G,1,2023,2,24,1133,39,153372011.0,14,71,23,10,176.0,107,F#,Minor,92,55,70,18,0,15,7,2023-02-24,0,low,medium,mid_energy,high_dance,party_song,1466.0,122697726.00000001,1170,18.848376979142987
(It Goes Like) Nanana - Edit,Peggy Gou,1,2023,6,15,2259,59,57876440.0,0,0,109,17,0.0,130,G,Minor,67,96,88,12,19,8,4,2023-06-15,0,low,fast,high_energy,mid_dance,other,2444.0,46301383.8,2368,17.87382096854883
Another Love,Tom Odell,1,2012,10,15,18371,83,1813673666.0,250,122,3394,19,0.0,123,E,Minor,45,13,54,70,0,9,4,2012-10-15,11,high,fast,mid_energy,mid_dance,sad_song,22239.0,1450940778.2,22015,21.318620275543065
Blinding Lights,The Weeknd,1,2019,11,29,43899,69,3703895074.0,672,199,3421,20,0.0,171,C#,Major,50,38,80,0,0,9,7,2019-11-29,4,high,fast,high_energy,mid_dance,other,48280.0,2963120456.0000005,47992,22.032650825845312
Moonlight,Kali Uchis,1,2023,2,24,2649,42,256483385.0,67,79,57,1,615.0,137,G,Minor,64,88,72,51,0,17,5,2023-02-24,0,mid,fast,high_energy,mid_dance,other,3510.0,205186977.1,2773,19.36257444854748
La Bachata,Manuel Turizo,1,2022,5,26,6804,45,1214083358.0,139,111,161,15,210.0,125,G,Minor,84,85,68,58,0,22,4,2022-05-26,1,high,fast,mid_energy,high_dance,other,7485.0,971267371.3000001,7104,20.917255191971048
S91,Karol G,1,2023,7,14,525,41,16011326.0,34,115,39,6,216.0,128,Unknown,Minor,86,42,72,59,0,9,19,2023-07-14,0,low,fast,high_energy,high_dance,party_song,976.0,12809117.4,598,16.588806967234508
cardigan,Taylor Swift,1,2020,7,24,7923,29,812019557.0,106,112,142,4,215.0,130,Unknown,Minor,61,53,58,55,0,27,4,2020-07-24,3,high,fast,mid_energy,mid_dance,other,8531.0,649616440.8,8171,20.51503498404278
Tï¿½ï¿,"dennis, MC Kevin o Chris",2,2023,5,4,731,15,111947664.0,27,17,73,4,167.0,130,B,Major,86,59,96,50,1,9,5,2023-05-04,0,low,fast,high_energy,high_dance,party_song,1034.0,89558205.8,831,18.533542043265836
Boy's a liar Pt. 2,"PinkPantheress, Ice Spice",2,2023,2,3,5184,41,156338624.0,154,84,102,14,37.0,133,F,Major,70,86,81,25,0,25,5,2023-02-03,0,low,fast,high_energy,mid_dance,party_song,5616.0,125071421.7,5440,18.867534885783666
Left and Right (Feat. Jung Kook of BTS),"Charlie Puth, BTS, Jung Kook",3,2022,6,24,3107,39,720434240.0,38,0,4,0,0.0,101,D,Major,88,72,59,62,0,9,3,2022-06-24,1,high,medium,mid_energy,high_dance,other,3188.0,576347706.6,3149,20.395364700675124
BESO,"Rauw Alejandro, ROSALï¿½",2,2023,3,24,4053,50,357925728.0,82,121,182,12,171.0,95,F,Minor,77,53,64,74,0,17,14,2023-03-24,0,mid,medium,mid_energy,high_dance,other,4671.0,286340992.70000005,4317,19.695836061948132
Hey Mor,"Ozuna, Feid",2,2022,10,6,4637,38,674072710.0,63,79,89,11,16.0,98,C#,Minor,90,40,59,0,0,10,29,2022-10-06,1,high,medium,mid_energy,high_dance,other,4933.0,539258635.5,4789,20.32884854287993
Yellow,Chris Molitor,1,1999,1,1,31358,43,1755214421.0,196,2,4053,5,0.0,173,B,Major,43,28,66,0,0,23,3,1999-01-01,24,high,fast,mid_energy,mid_dance,sad_song,35657.0,1404174676.9,35607,21.28585686417892
Karma,Taylor Swift,1,2022,10,21,3818,23,404562836.0,37,55,32,0,272.0,90,G#,Major,64,10,62,7,0,48,7,2022-10-21,1,mid,slow,mid_energy,mid_dance,sad_song,4237.0,323650652.90000004,3887,19.818317627268264
People,Libianca,1,2022,12,2,3506,56,373199958.0,105,64,169,8,529.0,198,A#,Minor,59,71,42,55,0,10,7,2022-12-02,1,mid,fast,mid_energy,mid_dance,other,4437.0,298560322.6000001,3780,19.737624917076793
Overdrive,Post Malone,1,2023,7,14,410,36,14780425.0,36,32,31,1,26.0,140,C#,Major,56,48,73,0,0,35,4,2023-07-14,0,low,fast,high_energy,mid_dance,other,572.0,11824384.6,477,16.508814295802388
Enchanted (Taylor's Version),Taylor Swift,1,2023,7,7,148,24,39578178.0,32,93,8,2,5.0,82,G#,Major,51,22,53,1,0,15,3,2023-07-07,0,low,slow,mid_energy,mid_dance,sad_song,312.0,31662559.6,188,17.4937884889954
BABY HELLO,"Rauw Alejandro, Bizarrap",2,2023,6,23,1004,35,54266102.0,42,80,58,3,169.0,130,C#,Minor,77,84,89,17,0,43,5,2023-06-23,0,low,fast,high_energy,high_dance,party_song,1391.0,43412985.5,1104,17.809410335832773
Heat Waves,Glass Animals,1,2020,6,28,22543,63,2557975762.0,386,144,707,28,0.0,81,B,Major,76,53,53,44,0,9,9,2020-06-28,3,high,slow,mid_energy,high_dance,other,23871.0,2046382870.2,23636,21.66248206507772
golden hour,JVKE,1,2022,7,15,4511,36,751134527.0,70,58,109,18,230.0,94,C#,Minor,51,14,59,65,18,25,3,2022-07-15,1,high,medium,mid_energy,mid_dance,sad_song,5032.0,600908076.3000001,4690,20.437095325510455
Sweater Weather,The Neighbourhood,1,2012,5,14,16413,61,2282771485.0,166,87,1056,1,0.0,124,A#,Major,61,41,81,5,2,10,3,2012-05-14,11,high,fast,high_energy,mid_dance,other,17784.0,1826218835.3999999,17635,21.548656105748044
"Quevedo: Bzrp Music Sessions, Vol. 52","Bizarrap, Quevedo",2,2022,7,6,8506,45,1356565093.0,94,65,164,14,176.0,128,D,Major,62,55,78,1,3,23,4,2022-07-06,1,high,fast,high_energy,mid_dance,other,9064.0,1085252929.5,8764,21.02822167564249
Viva La Vida,Coldplay,1,2008,1,1,33898,62,1592909789.0,233,0,4095,9,0.0,138,F,Minor,49,42,62,9,0,11,3,2008-01-01,15,high,fast,mid_energy,mid_dance,other,38297.0,1274331227.2,38226,21.188828237268957
Here With Me,d4vd,1,2022,7,17,3246,23,635412045.0,94,85,68,1,84.0,132,E,Major,58,27,48,50,0,12,3,2022-07-17,1,high,fast,mid_energy,mid_dance,sad_song,3601.0,508329962.90000004,3408,20.269784237756593
Unholy (feat. Kim Petras),"Sam Smith, Kim Petras",2,2022,9,22,8576,42,1230675890.0,216,108,331,26,154.0,131,D,Major,71,24,47,1,0,27,9,2022-09-22,1,high,fast,mid_energy,high_dance,sad_song,9453.0,984541573.8000001,9123,20.930829360286268
Yandel 150,"Yandel, Feid",2,2022,12,20,3618,38,585695368.0,47,74,80,14,194.0,168,F#,Minor,78,58,73,5,0,10,7,2022-12-20,1,high,fast,high_energy,high_dance,party_song,4065.0,468556660.00000006,3745,20.188310364250537
CORAZï¿½ï¿½N VA,Maria Becerra,1,2023,6,22,370,20,43857627.0,12,16,18,4,93.0,98,C#,Major,68,40,79,33,0,30,6,2023-06-22,0,low,medium,high_energy,mid_dance,other,533.0,35086140.6,400,17.596459218324227
Riptide,Vance Joy,1,1975,1,1,31123,55,2009094673.0,300,65,1003,1,0.0,102,C#,Major,48,50,73,43,0,15,4,1975-01-01,48,high,medium,high_energy,mid_dance,other,32547.0,1607278856.2,32426,21.420950046606645
Until I Found You (with Em Beihold) - Em Beihold Version,"Em Beihold, Stephen Sanchez",2,2022,4,22,2790,30,600976848.0,60,96,71,0,115.0,101,A#,Major,34,32,57,78,0,20,3,2022-04-22,1,high,medium,mid_energy,low_dance,other,3162.0,480781760.40000004,2921,20.214066970958868
Novidade na ï¿½ï¿,"Mc Livinho, DJ Matt D",2,2023,6,23,267,9,39709092.0,9,6,25,2,72.0,130,F,Major,63,36,34,76,0,35,9,2023-06-23,0,low,fast,low_energy,mid_dance,chill_song,390.0,31767301.2,301,17.497090762252274
Back To December (Taylor's Version),Taylor Swift,1,2023,7,7,139,17,39228929.0,16,72,5,0,8.0,142,D,Major,50,20,64,1,0,12,3,2023-07-07,0,low,fast,mid_energy,mid_dance,sad_song,257.0,31383158.8,160,17.484925042769156
STAY (with Justin Bieber),"Justin Bieber, The Kid Laroi",2,2021,7,9,17050,36,2665343922.0,492,99,798,31,0.0,170,C#,Major,59,48,76,4,0,10,5,2021-07-09,2,high,fast,high_energy,mid_dance,other,18506.0,2132276846.2,18340,21.703598938020118
El Merengue,"Marshmello, Manuel Turizo",2,2023,3,3,2114,44,223633238.0,80,75,110,11,323.0,124,G#,Minor,78,70,68,3,1,11,4,2023-03-03,0,mid,fast,mid_energy,high_dance,other,2757.0,178906806.20000002,2304,19.225517942043485
Someone You Loved,Lewis Capaldi,1,2018,11,8,17836,53,2887241814.0,440,125,1800,0,0.0,110,C#,Major,50,45,41,75,0,11,3,2018-11-08,5,high,medium,mid_energy,mid_dance,chill_song,20254.0,2309795240.1000004,20076,21.783567494077975
Me Porto Bonito,"Chencho Corleone, Bad Bunny",2,2022,5,6,8870,43,1440757818.0,104,120,141,26,49.0,92,C#,Minor,91,43,71,9,0,9,8,2022-05-06,1,high,medium,high_energy,high_dance,party_song,9353.0,1152607145.7,9115,21.088435075300854
Makeba,Jain,1,2015,6,22,6060,53,165484133.0,150,148,2703,22,1451.0,116,D,Major,82,40,66,39,51,25,7,2015-06-22,8,low,medium,mid_energy,high_dance,other,10587.0,132387917.7,8913,18.924385881116365
MONTAGEM - FR PUNK,"Ayparia, unxbected",2,2012,6,20,641,50,58054811.0,1,52,8,0,1170.0,129,A,Major,63,84,82,70,8,9,7,2012-06-20,11,low,fast,high_energy,mid_dance,other,1922.0,46443917.900000006,650,17.8768981567295
Fast Car,Luke Combs,1,2023,3,24,1446,12,157058870.0,57,97,35,0,429.0,98,G#,Major,71,67,60,19,0,12,3,2023-03-24,0,low,medium,mid_energy,high_dance,other,2076.0,125647241.8,1538,18.8721312675495
What It Is (Solo Version),Doechii,1,2023,3,17,804,25,95131998.0,29,76,24,0,162.0,172,C#,Minor,74,76,76,6,0,10,9,2023-03-17,0,low,fast,high_energy,high_dance,party_song,1120.0,76105681.30000001,857,18.370775948312016
Coco Chanel,"Bad Bunny, Eladio Carrion",2,2023,3,17,1962,38,250305248.0,28,89,29,5,82.0,150,D,Major,68,14,76,4,0,10,4,2023-03-17,0,mid,fast,high_energy,mid_dance,sad_song,2233.0,200244398.4,2019,19.338191727017115
Donï¿½ï¿½ï¿½t Bl,Taylor Swift,1,2017,11,8,4875,23,685032533.0,19,45,0,0,10.0,136,A,Minor,62,19,53,11,0,6,4,2017-11-08,6,high,fast,mid_energy,mid_dance,sad_song,4972.0,548026516.1999999,4894,20.344976889989162
Still With You,Jung Kook,1,2020,6,5,31,39,38411956.0,2,107,8,0,0.0,88,C#,Minor,53,34,47,9,0,83,4,2020-06-05,3,low,slow,mid_energy,mid_dance,other,187.0,30729571.8,41,17.46387934929753
All My Life (feat. J. Cole),"J. Cole, Lil Durk",2,2023,5,12,2175,23,144565150.0,69,145,69,2,478.0,143,D#,Major,83,69,44,15,0,10,33,2023-05-12,0,low,fast,mid_energy,high_dance,other,2961.0,115652339.8,2313,18.789240835876853
Say Yes To Heaven,Lana Del Rey,1,2023,3,17,2000,46,127567540.0,49,105,63,1,0.0,100,F#,Minor,49,17,35,71,9,11,3,2023-03-17,0,low,medium,low_energy,mid_dance,chill_song,2264.0,102054236.6,2112,18.66415651563692
Snooze,SZA,1,2022,12,9,2839,25,399686758.0,58,156,42,1,236.0,143,F,Major,56,39,55,14,0,11,13,2022-12-09,1,mid,fast,mid_energy,mid_dance,other,3357.0,319749692.8,2939,19.80619169578732
Summertime Sadness,Lana Del Rey,1,2011,1,1,20333,52,983637508.0,89,143,1632,3,200.0,112,C#,Minor,56,24,66,7,0,12,3,2011-01-01,12,high,medium,mid_energy,mid_dance,sad_song,22452.0,786912044.9000001,22054,20.706768001983445
Take Two,BTS,1,2023,6,9,674,47,118482347.0,20,106,25,4,78.0,93,G,Major,62,57,59,3,0,38,3,2023-06-09,0,low,medium,mid_energy,mid_dance,other,954.0,94785949.70000002,719,18.5902745454182
Lover,Taylor Swift,1,2012,1,1,8448,23,882831184.0,160,110,163,0,5.0,206,G,Major,43,50,55,50,0,15,10,2012-01-01,11,high,fast,mid_energy,mid_dance,other,8909.0,706265794.3,8771,20.598644556824887
Too Many Nights (feat. Don Toliver & with Future),"Future, Metro Boomin, Don Toliver",3,2022,12,2,2110,58,286400165.0,17,119,19,2,266.0,88,G,Minor,68,17,71,15,0,11,5,2022-12-02,1,mid,slow,high_energy,mid_dance,sad_song,2591.0,229120348.8,2146,19.472900572659537
Chemical,Post Malone,1,2023,4,14,2528,39,172825906.0,56,91,59,3,486.0,170,D,Major,50,37,90,0,0,12,5,2023-04-14,0,low,fast,high_energy,mid_dance,other,3262.0,138260981.50000003,2643,18.967795327865154
Mockingbird,Eminem,1,2004,1,1,12985,61,1241559043.0,49,98,2394,5,204.0,84,E,Minor,62,24,67,21,0,13,28,2004-01-01,19,high,slow,mid_energy,mid_dance,sad_song,15796.0,993248539.0000001,15428,20.93963372038009
New Jeans,NewJeans,1,2023,7,7,77,35,29562220.0,8,166,4,4,34.0,134,E,Minor,81,53,72,51,0,12,5,2023-07-07,0,low,fast,high_energy,high_dance,party_song,328.0,23649787.2,89,17.202007786539756
Primera Cita,Carin Leon,1,2022,4,20,266,27,77309611.0,6,40,6,6,202.0,158,A#,Major,54,50,40,61,0,10,6,2022-04-20,1,low,fast,low_energy,mid_dance,chill_song,553.0,61847718.10000001,278,18.163328852528405
Cold Heart - PNAU Remix,"Dua Lipa, Elton John, Pnau",3,2017,11,10,21097,52,1605224506.0,384,135,1034,37,312.0,116,C#,Major,80,92,80,4,0,10,3,2017-11-10,6,high,medium,high_energy,high_dance,party_song,23051.0,1284181719.7,22515,21.19652946349691
Dandelions,Ruth B.,1,2017,4,28,3423,21,1116995633.0,41,100,59,1,32.0,117,C#,Major,61,45,69,2,0,9,3,2017-04-28,6,high,medium,mid_energy,mid_dance,other,3677.0,893596850.8000001,3523,20.833908448341862
Bones,Imagine Dragons,1,2021,3,11,4198,44,838079900.0,98,108,327,17,153.0,114,F,Minor,77,65,72,2,0,7,5,2021-03-11,2,high,medium,high_energy,high_dance,party_song,4945.0,670464344.1999999,4623,20.546624001156466
Set Fire to the Rain,Adele,1,2011,1,1,14739,43,1163620694.0,88,112,2163,5,519.0,108,D,Minor,61,47,68,0,0,13,3,2011-01-01,12,high,medium,mid_energy,mid_dance,other,17669.0,930898033.4,16990,20.87480226974858
Money Trees,"Kendrick Lamar, Jay Rock",2,2012,1,1,26792,32,1093605526.0,69,113,695,0,458.0,144,E,Minor,74,37,53,7,0,21,10,2012-01-01,11,high,fast,mid_energy,high_dance,other,28159.0,874887103.2000002,27556,20.812745897311498
Tak Segampang Itu,Anggi Marito,1,2022,12,2,213,6,179659294.0,7,6,0,0,48.0,130,F,Major,51,18,44,76,0,11,3,2022-12-02,1,low,fast,mid_energy,mid_dance,chill_song,280.0,143727457.10000002,220,19.00657280967882
LAGUNAS,"Jasiel Nuï¿½ï¿½ez, Peso P",2,2023,6,22,58,18,39058561.0,2,106,4,2,184.0,116,B,Major,77,79,62,33,1,15,3,2023-06-22,0,low,medium,mid_energy,high_dance,other,374.0,31246856.400000002,64,17.480572667578944
Mine (Taylor's Version),Taylor Swift,1,2023,7,7,99,15,36912123.0,21,52,6,1,0.0,121,G,Major,65,49,78,0,0,17,4,2023-07-07,0,low,fast,high_energy,mid_dance,other,194.0,29529709.8,126,17.424050618731165
Everybody Wants To Rule The World,Tears For Fears,1,1985,2,17,41751,25,1205951614.0,101,32,2655,0,666.0,112,G,Major,64,54,81,36,0,11,6,1985-02-17,38,high,medium,high_energy,mid_dance,other,45230.0,964765468.8000001,44507,20.910534814214394
No Role Modelz,J. Cole,1,2014,12,9,21164,36,1791000570.0,80,65,476,0,14.0,100,A#,Minor,70,47,52,30,0,6,33,2014-12-09,9,high,medium,mid_energy,mid_dance,other,21835.0,1432802576.0,21720,21.306040278841238
Tattoo,Loreen,1,2023,2,25,2988,59,201660859.0,74,102,145,18,925.0,150,D#,Minor,55,30,78,24,0,12,8,2023-02-25,0,mid,fast,high_energy,mid_dance,sad_song,4311.0,161328991.90000004,3207,19.12209793352404
Rara Vez,"Taiu, Milo j",2,2023,2,8,893,38,248088961.0,19,23,24,3,88.0,120,F,Minor,84,96,71,18,0,34,17,2023-02-08,0,mid,medium,high_energy,high_dance,party_song,1088.0,198471261.90000004,936,19.329297957547364
VAGABUNDO,"Sebastian Yatra, Manuel Turizo, Beï¿½ï",3,2023,5,12,1094,34,90839753.0,40,58,47,8,203.0,127,B,Minor,82,89,85,4,0,23,6,2023-05-12,0,low,fast,high_energy,high_dance,party_song,1484.0,72671915.20000002,1181,18.32460756713984
august,Taylor Swift,1,2020,7,24,7324,22,607123776.0,25,81,61,1,44.0,90,F,Major,51,42,61,53,0,9,3,2020-07-24,3,high,slow,mid_energy,mid_dance,other,7558.0,485699755.4,7410,20.224243244215966
LUNA,"Junior H, Peso Pluma",2,2023,6,22,201,11,55842345.0,19,117,8,1,74.0,128,A,Minor,75,79,63,33,0,15,4,2023-06-22,0,low,fast,mid_energy,high_dance,other,431.0,44673897.2,228,17.83804302842986
Miracle (with Ellie Goulding),"Calvin Harris, Ellie Goulding",2,2023,3,10,5120,48,211050784.0,161,115,246,9,638.0,143,A,Major,64,31,87,4,4,8,4,2023-03-10,0,mid,fast,high_energy,mid_dance,other,6337.0,168841144.00000003,5527,19.167609349683612
Nonsense,Sabrina Carpenter,1,2022,7,15,2346,27,342897938.0,69,12,38,8,64.0,139,G#,Major,74,68,68,3,0,26,4,2022-07-15,1,mid,fast,mid_energy,high_dance,other,2564.0,274318587.70000005,2453,19.6529434069164
Que Vuelvas,"Carin Leon, Grupo Frontera",2,2022,12,9,763,26,2762.0,21,110,21,9,71.0,162,A#,Major,49,78,64,19,0,11,4,2022-12-09,1,low,fast,mid_energy,mid_dance,other,1021.0,2288.5,805,7.924072324923417
Por las Noches,Peso Pluma,1,2021,6,11,457,24,330346424.0,8,116,4,3,2.0,92,Unknown,Major,81,39,60,31,0,7,3,2021-06-11,2,mid,medium,mid_energy,high_dance,other,614.0,264277187.3,469,19.615652434526005
Feliz Cumpleaï¿½ï¿½os Fe,Feid,1,2022,8,19,3430,38,601863821.0,45,69,52,4,3.0,95,F,Major,87,57,55,10,0,29,7,2022-08-19,1,high,medium,mid_energy,high_dance,other,3641.0,481491403.6,3527,20.215541768381588
Can't Hold Us (feat. Ray Dalton),"Ray Dalton, Ryan Lewis, Macklemore",3,2011,8,16,6074,52,1953533826.0,201,44,6551,2,0.0,146,D,Major,63,88,93,3,0,10,8,2011-08-16,12,high,fast,high_energy,mid_dance,other,12924.0,1562827673.4000003,12826,21.392905788408786
Watermelon Sugar,Harry Styles,1,2019,11,17,21915,34,2322580122.0,437,115,1212,12,0.0,95,Unknown,Major,55,56,82,12,0,34,5,2019-11-17,4,high,medium,high_energy,mid_dance,other,23725.0,1858066292.5000002,23564,21.56594452665785
lovely - Bonus Track,"Billie Eilish, Khalid",2,2017,8,11,15032,30,2355719893.0,221,96,1078,2,136.0,115,E,Minor,35,12,30,93,0,10,3,2017-08-11,6,high,medium,low_energy,low_dance,chill_song,16595.0,1884577420.6000001,16331,21.580112205175357
"Rauw Alejandro: Bzrp Music Sessions, Vol. 56","Rauw Alejandro, Bizarrap",2,2023,6,21,871,32,66902503.0,25,59,32,5,88.0,128,B,Major,78,59,65,10,0,26,5,2023-06-21,0,low,fast,mid_energy,high_dance,other,1112.0,53522092.70000001,928,18.018746953396516
Queencard,(G)I-DLE,1,2023,5,15,451,33,96273746.0,10,126,7,0,148.0,130,E,Minor,82,69,83,3,0,27,5,2023-05-15,0,low,fast,high_energy,high_dance,party_song,775.0,77019045.19999999,468,18.382706222779202
OMG,NewJeans,1,2023,1,2,1783,27,430977451.0,26,124,15,1,22.0,127,A,Minor,80,74,77,36,0,11,4,2023-01-02,0,mid,fast,high_energy,high_dance,party_song,1998.0,344782141.8,1824,19.88156633115427
Radio,Lana Del Rey,1,2011,1,1,9389,46,284819874.0,24,122,282,3,368.0,150,D,Major,42,20,86,21,0,9,9,2011-01-01,12,mid,fast,high_energy,mid_dance,sad_song,10234.0,227856842.70000002,9695,19.467367520881783
"Shakira: Bzrp Music Sessions, Vol. 53","Shakira, Bizarrap",2,2023,1,11,5724,44,721975598.0,119,108,254,29,22.0,122,D,Minor,78,50,63,27,0,9,5,2023-01-11,0,high,fast,mid_energy,high_dance,other,6300.0,577581055.1999999,6097,20.397501899887096
505,Arctic Monkeys,1,2007,4,20,13985,25,1217120710.0,30,80,588,1,1.0,140,Unknown,Major,52,20,85,0,0,7,5,2007-04-20,16,high,fast,high_energy,mid_dance,sad_song,14710.0,973697969.0,14603,20.919753833378994
"Calling (Spider-Man: Across the Spider-Verse) (Metro Boomin & Swae Lee, NAV, feat. A Boogie Wit da Hoodie)","Swae Lee, A Boogie Wit da Hoodie, Metro Boomin, NAV",4,2023,6,2,1051,16,109276132.0,31,37,31,0,189.0,140,Unknown,Major,63,22,54,46,0,12,8,2023-06-02,0,low,fast,mid_energy,mid_dance,sad_song,1355.0,87421012.3,1113,18.509388566996666
Trance (with Travis Scott & Young Thug),"Travis Scott, Young Thug, Metro Boomin",3,2022,12,2,1682,46,276259178.0,24,90,30,1,176.0,119,C#,Minor,75,48,53,18,0,18,34,2022-12-02,1,mid,medium,mid_energy,high_dance,other,2049.0,221007515.2,1736,19.436850037393548
"Tere Vaaste (From ""Zara Hatke Zara Bachke"")","Sachin-Jigar, Shadab Faridi, Altamash Faridi, Amitabh Bhattacharya, Varun Jain",5,2023,5,22,182,8,54225632.0,3,88,1,0,52.0,110,G,Minor,76,96,72,32,0,9,4,2023-05-22,0,low,medium,high_energy,high_dance,party_song,334.0,43380524.6,186,17.808664288191373
Perfect,Ed Sheeran,1,2017,1,1,16596,13,2559529074.0,7,0,2094,0,0.0,95,G#,Major,60,17,45,16,0,11,2,2017-01-01,6,high,medium,mid_energy,mid_dance,sad_song,18710.0,2047624920.1,18697,21.663089123437945
Romantic Homicide,d4vd,1,2022,7,20,2335,23,681583126.0,82,55,50,0,9.0,132,F#,Major,56,20,55,45,1,32,3,2022-07-20,1,high,fast,mid_energy,mid_dance,sad_song,2554.0,545266736.6,2467,20.339928778184706
Believer,Imagine Dragons,1,2017,1,31,18986,23,2594040133.0,250,121,2969,10,31.0,125,A#,Minor,77,74,78,4,0,23,11,2017-01-31,6,high,fast,high_energy,high_dance,party_song,22390.0,2075234007.3,22205,21.67648239457911
Novo Balanï¿½,"Veigh, Bvga Beatz, Supernova Ent, Prod Malax",4,2023,5,19,283,7,81102253.0,6,9,26,1,66.0,124,D#,Minor,84,65,50,67,0,13,6,2023-05-19,0,low,fast,mid_energy,high_dance,chill_song,398.0,64881831.400000006,315,18.211221311547764
"Gol Bolinha, Gol Quadrado 2","Mc Pedrinho, DJ 900",2,2023,6,1,293,8,11956641.0,5,2,30,2,66.0,133,B,Minor,93,68,65,42,0,12,25,2023-06-01,0,low,fast,mid_energy,high_dance,other,406.0,9565342.900000002,328,16.29679749783293
Without Me,Eminem,1,2002,1,1,21081,43,1687664027.0,98,76,3889,5,0.0,112,G,Major,92,67,66,0,0,36,9,2002-01-01,21,high,medium,mid_energy,high_dance,other,25192.0,1350133334.0,25068,21.24661117776495
QUEMA,"Sog, Ryan Castro, Peso Pluma",3,2023,7,13,437,31,11599388.0,17,29,26,3,208.0,97,Unknown,Major,79,92,89,5,0,6,5,2023-07-13,0,low,medium,high_energy,high_dance,party_song,751.0,9279557.2,480,16.26646298227556
Stargirl Interlude,"The Weeknd, Lana Del Rey",2,2016,11,24,1275,32,611700552.0,13,8,5,0,1.0,90,F,Minor,59,52,48,38,5,10,11,2016-11-24,7,high,slow,mid_energy,mid_dance,other,1334.0,489360572.3,1293,20.23175342825031
Ojitos Lindos,"Bomba Estï¿½ï¿½reo, Bad B",2,2022,5,6,6135,38,1133865788.0,71,113,99,13,28.0,80,D#,Minor,65,27,69,8,0,53,4,2022-05-06,1,high,slow,mid_energy,mid_dance,sad_song,6497.0,907093247.7,6305,20.848898683395987
Somewhere Only We Know,Keane,1,2004,1,1,20015,16,1089402494.0,107,69,5239,0,558.0,172,A,Major,45,33,59,6,0,8,3,2004-01-01,19,high,fast,mid_energy,mid_dance,other,26004.0,871523998.3000001,25361,20.80889521316274
Those Eyes,New West,1,2019,5,10,1507,14,411747614.0,24,71,44,1,195.0,120,E,Major,60,24,35,73,0,31,3,2019-05-10,4,mid,medium,low_energy,mid_dance,chill_song,1856.0,329398243.3,1575,19.83592113465552
El Gordo Trae El Mando,Chino Pacas,1,2023,1,27,539,21,255932395.0,7,71,4,2,13.0,140,G,Minor,74,96,80,18,0,5,5,2023-01-27,0,mid,fast,high_energy,high_dance,party_song,657.0,204745972.0,550,19.360423889444068
Mi Bello Angel,Natanael Cano,1,2023,6,30,86,8,31873544.0,7,76,3,1,93.0,128,A,Minor,81,90,77,1,0,9,5,2023-06-30,0,low,fast,high_energy,high_dance,party_song,274.0,25498844.600000005,96,17.27728691334218
Bye,Peso Pluma,1,2023,5,26,324,14,95053634.0,13,110,8,2,60.0,122,Unknown,Major,78,70,81,57,0,10,5,2023-05-26,0,low,fast,high_energy,high_dance,party_song,531.0,76042941.00000001,345,18.36995186919745
Danza Kuduro,"Don Omar, Lucenzo",2,2010,1,1,17138,37,1279434863.0,119,81,974,1,503.0,130,Unknown,Major,47,86,92,8,0,5,24,2010-01-01,13,high,fast,high_energy,mid_dance,other,18853.0,1023549607.9000001,18231,20.969684304882595
Nosso Quadro,"Ana Castela, AgroPlay",2,2023,2,2,894,9,233801632.0,14,88,66,3,72.0,160,A,Major,69,61,71,33,0,31,20,2023-02-02,0,mid,fast,high_energy,mid_dance,other,1146.0,187041395.90000004,974,19.269983591580075
Locked Out Of Heaven,Bruno Mars,1,2012,12,5,1622,9,1481349984.0,0,0,356,0,0.0,144,F,Major,73,87,70,6,0,28,5,2012-12-05,11,high,fast,mid_energy,high_dance,party_song,1987.0,1185080150.3000002,1978,21.116219660991604
Un Finde | CROSSOVER #2,"Big One, FMK, Ke personajes",3,2023,4,4,561,14,142095275.0,4,14,12,5,56.0,192,B,Major,50,85,52,11,0,28,6,2023-04-04,0,low,fast,mid_energy,mid_dance,other,666.0,113676277.5,577,18.7720083483205
Jimmy Cooks (feat. 21 Savage),"Drake, 21 Savage",2,2022,6,17,5871,27,618885532.0,81,121,58,1,34.0,163,Unknown,Major,54,40,67,0,0,9,17,2022-06-17,1,high,fast,mid_energy,mid_dance,other,6193.0,495109015.40000004,6010,20.24343089109303
Counting Stars,OneRepublic,1,2013,1,1,29215,43,2011464183.0,179,97,3394,11,153.0,122,C#,Minor,66,48,71,6,0,12,4,2013-01-01,10,high,fast,high_energy,mid_dance,other,33092.0,1609174272.2,32788,21.422128743577897
Ghost,Justin Bieber,1,2021,3,19,5866,24,1167330737.0,107,38,95,0,0.0,154,D,Major,61,41,74,21,0,40,6,2021-03-19,2,high,fast,high_energy,mid_dance,other,6130.0,933865178.6,6068,20.877985558838517
Under The Influence,Chris Brown,1,2019,10,4,3859,26,929964809.0,133,181,3,0,0.0,117,A,Minor,73,31,69,6,0,11,4,2019-10-04,4,high,medium,mid_energy,high_dance,other,4202.0,743972235.7,3995,20.650657304685996
PRC,"Natanael Cano, Peso Pluma",2,2023,1,23,961,26,436027885.0,19,143,10,6,15.0,138,G,Minor,78,89,83,10,0,12,5,2023-01-23,0,mid,fast,high_energy,high_dance,party_song,1180.0,348822406.70000005,990,19.893216757983634
Gasolina,Daddy Yankee,1,2004,7,13,6457,18,657723613.0,98,95,453,0,454.0,96,Unknown,Major,86,74,80,33,0,8,6,2004-07-13,19,high,medium,high_energy,high_dance,party_song,7575.0,526179537.90000004,7008,20.304295361534606
One Dance,"Drake, WizKid, Kyla",3,2016,4,4,43257,24,2713922350.0,433,107,3631,0,26.0,104,C#,Major,77,36,63,1,0,36,5,2016-04-04,7,high,medium,mid_energy,high_dance,other,47478.0,2171142208.1,47321,21.72166078741185
Enchanted,Taylor Swift,1,2010,1,1,4564,16,621660989.0,24,101,113,0,40.0,164,G#,Major,45,24,62,8,0,16,3,2010-01-01,13,high,fast,mid_energy,mid_dance,sad_song,4858.0,497329249.20000005,4701,20.247905469965097
Save Your Tears,The Weeknd,1,2020,3,20,12688,13,1591223784.0,197,115,112,0,200.0,118,Unknown,Major,68,61,82,2,0,50,3,2020-03-20,3,high,medium,high_energy,mid_dance,other,13325.0,1272980297.3,12997,21.18776923323043
Sure Thing,Miguel,1,2010,5,25,13801,19,950906471.0,137,125,435,6,285.0,81,B,Minor,68,51,60,3,0,19,10,2010-05-25,13,high,slow,mid_energy,mid_dance,other,14808.0,760726558.8000001,14373,20.672926268670125
Every Breath You Take - Remastered 2003,The Police,1,1983,1,6,22439,19,1593270737.0,211,74,929,0,129.0,117,C#,Major,82,73,45,54,0,7,3,1983-01-06,40,high,medium,mid_energy,high_dance,other,23801.0,1274618835.4000003,23579,21.189054808235902
The Night We Met,Lord Huron,1,2015,2,2,18515,35,1410088830.0,70,82,939,1,162.0,174,D,Major,45,10,37,97,25,64,4,2015-02-02,8,high,fast,low_energy,mid_dance,chill_song,19804.0,1128072919.0,19524,21.066918540061245
We Found Love,"Rihanna, Calvin Harris",2,2011,1,1,36843,21,1235005533.0,321,91,4607,1,58.0,128,C#,Major,73,60,77,3,0,11,4,2011-01-01,12,high,fast,high_energy,high_dance,party_song,41942.0,988008112.8000001,41771,20.934341287987973
When I Was Your Man,Bruno Mars,1,2012,12,5,2420,11,1661187319.0,0,0,806,0,0.0,145,Unknown,Major,60,43,27,94,0,14,4,2012-12-05,11,high,fast,low_energy,mid_dance,chill_song,3237.0,1328950098.3,3226,21.23079843665538
Let Me Down Slowly,Alec Benjamin,1,2018,5,25,5897,19,1374581173.0,0,0,885,0,0.0,150,C#,Minor,65,51,55,73,0,14,3,2018-05-25,5,high,fast,mid_energy,mid_dance,other,6801.0,1099665530.0000002,6782,21.04141492093745
"Am I Dreaming (Metro Boomin & A$AP Rocky, Roisee)","A$AP Rocky, Metro Boomin, Roisee",3,2023,6,2,727,16,94186466.0,17,60,28,1,44.0,90,A,Minor,60,13,53,4,0,21,4,2023-06-02,0,low,slow,mid_energy,mid_dance,sad_song,893.0,75349247.1,772,18.360787066805777
Do I Wanna Know?,Arctic Monkeys,1,2013,1,1,33783,26,1788326445.0,133,92,2733,1,26.0,85,F,Major,55,42,53,17,0,22,3,2013-01-01,10,high,slow,mid_energy,mid_dance,other,36794.0,1430664536.8999999,36649,21.30454607309539
Demons,Imagine Dragons,1,2012,1,1,26694,13,1840364617.0,65,82,3425,4,13.0,180,D#,Major,33,38,71,20,0,28,5,2012-01-01,11,high,fast,high_energy,low_dance,other,30296.0,1472294364.3000002,30184,21.33322955089234
ýýýýýýýýýýýý,YOASOBI,1,2023,4,12,356,16,143573775.0,35,102,8,1,117.0,166,C#,Major,57,84,94,11,0,37,9,2023-04-12,0,low,fast,high_energy,mid_dance,other,635.0,114859057.19999999,399,18.78235957951723
Reminder,The Weeknd,1,2016,11,25,6518,17,684675814.0,45,85,238,1,47.0,160,G#,Major,71,40,50,16,0,16,22,2016-11-25,7,high,fast,mid_energy,high_dance,other,6951.0,547741304.7,6801,20.344456021428606
Shake It Off,Taylor Swift,1,2014,1,1,21335,13,1113838873.0,328,70,1378,9,20.0,160,G,Major,65,95,80,5,0,41,16,2014-01-01,9,high,fast,high_energy,mid_dance,other,23153.0,891073233.2,23041,20.831078330647607
Why'd You Only Call Me When You're High?,Arctic Monkeys,1,2013,1,1,23389,29,1267333350.0,54,70,1089,2,1.0,92,D,Major,70,81,63,4,0,8,4,2013-01-01,10,high,medium,mid_energy,mid_dance,other,24634.0,1013869021.8,24532,20.96018080628457
SNAP,Rosa Linn,1,2022,3,19,3202,18,726307468.0,148,80,226,24,0.0,170,Unknown,Major,56,53,64,11,0,45,6,2022-03-19,1,high,fast,mid_energy,mid_dance,other,3698.0,581046296.4,3576,20.403483994152875
Shape of You,Ed Sheeran,1,2017,1,6,32181,10,3562543890.0,33,0,6808,7,0.0,96,C#,Minor,83,93,65,58,0,9,8,2017-01-06,6,high,medium,mid_energy,high_dance,other,39039.0,2850038331.1,39022,21.99374070274599
Night Changes,One Direction,1,2014,11,17,7124,18,1131090940.0,60,20,2,0,0.0,120,G#,Major,67,40,52,86,0,12,4,2014-11-17,9,high,medium,mid_energy,mid_dance,other,7224.0,904873466.1999999,7186,20.846448438451766
Fin de Semana,"Oscar Maydon, Junior H",2,2023,1,13,592,14,307370144.0,11,84,6,1,30.0,98,Unknown,Major,70,37,54,6,0,9,8,2023-01-13,0,mid,medium,mid_energy,mid_dance,other,738.0,245896175.8,609,19.543563263337255
Creep,Radiohead,1,1992,9,21,36724,7,1271293243.0,146,72,6807,5,80.0,92,G,Major,53,12,34,1,0,12,4,1992-09-21,31,high,medium,low_energy,mid_dance,sad_song,43841.0,1017038267.5000001,43677,20.96330052166097
Car's Outside,James Arthur,1,2019,10,18,794,10,265882712.0,38,25,61,0,263.0,150,A,Major,34,24,56,4,0,11,3,2019-10-18,4,mid,fast,mid_energy,low_dance,sad_song,1191.0,212706250.00000003,893,19.398565840936957
Apocalypse,Cigarettes After Sex,1,2017,3,21,13091,17,841749534.0,61,96,790,2,116.0,94,F,Major,37,17,47,2,46,11,3,2017-03-21,6,high,medium,mid_energy,low_dance,sad_song,14173.0,673400938.0000001,13942,20.55099306358475
Cheques,Shubh,1,2023,5,19,67,8,47956378.0,7,10,0,0,57.0,90,E,Minor,74,36,63,26,0,27,5,2023-05-19,0,low,slow,mid_energy,high_dance,other,149.0,38365109.9,74,17.685802384856274
Pink + White,Frank Ocean,1,2016,8,20,21574,30,806397070.0,112,68,266,1,39.0,160,A,Major,54,54,55,67,0,42,11,2016-08-20,7,high,fast,mid_energy,mid_dance,other,22090.0,645119816.4,21952,20.508086823082323
Circles,Post Malone,1,2019,8,30,19664,16,2132335812.0,391,73,633,3,37.0,120,Unknown,Major,70,59,75,24,0,9,4,2019-08-30,4,high,medium,high_energy,mid_dance,party_song,20817.0,1705870617.6000001,20688,21.48048384163448
Just The Way You Are,Bruno Mars,1,2010,1,1,21106,13,1641426668.0,82,0,2946,0,0.0,109,F,Major,63,46,85,1,0,9,5,2010-01-01,13,high,medium,high_energy,mid_dance,other,24147.0,1313143446.3,24134,21.21883162074326
Take Me To Church,Hozier,1,2013,9,13,23804,31,2135158446.0,187,99,4623,1,0.0,129,E,Minor,57,41,66,63,0,12,5,2013-09-13,10,high,fast,mid_energy,mid_dance,other,28745.0,1708129140.3000002,28614,21.481806694924796
Bebe Dame,"Fuerza Regida, Grupo Frontera",2,2022,12,16,849,22,367316268.0,27,129,21,7,111.0,157,G,Major,54,75,60,30,0,7,5,2022-12-16,1,mid,fast,mid_energy,mid_dance,other,1166.0,293853101.5,897,19.721733803302026
You Belong With Me (Taylorï¿½ï¿½ï¿½s Ve,Taylor Swift,1,2021,4,9,2619,12,350381515.0,47,90,1,0,7.0,130,F#,Major,63,49,73,5,0,9,3,2021-04-09,2,mid,fast,high_energy,mid_dance,other,2776.0,280305475.09999996,2667,19.674533164493567
Titi Me Preguntï¿,Bad Bunny,1,2022,5,6,9037,42,1264310836.0,124,133,139,14,166.0,107,F,Minor,65,19,72,10,0,13,25,2022-05-06,1,high,medium,high_energy,mid_dance,sad_song,9655.0,1011449576.7000002,9300,20.957793017786955
Better Than Revenge (Taylor's Version),Taylor Swift,1,2023,7,7,86,11,30343206.0,3,33,3,0,1.0,146,B,Minor,50,67,89,0,0,19,8,2023-07-07,0,low,fast,high_energy,mid_dance,other,137.0,24274574.500000004,92,17.2280832283421
Shut up My Moms Calling,Hotel Ugly,1,2020,2,10,1788,14,405136812.0,1,50,19,0,19.0,139,A,Minor,48,37,41,32,0,10,10,2020-02-10,3,mid,fast,mid_energy,mid_dance,other,1891.0,324109629.8,1808,19.819735377902447
Have You Ever Seen The Rain?,Creedence Clearwater Revival,1,1968,7,1,15890,14,1145727611.0,71,37,653,0,167.0,116,Unknown,Major,74,76,70,7,0,13,3,1968-07-01,55,high,medium,mid_energy,high_dance,party_song,16832.0,916583679.2,16614,20.859305741123322
Es un Secreto,Plan B,1,2010,7,20,492,36,540654286.0,4,3,19,0,0.0,95,F#,Minor,84,52,77,12,0,7,4,2010-07-20,13,high,medium,high_energy,high_dance,party_song,554.0,432523481.6,515,20.108290606668692
POLARIS - Remix,"Feid, Mora, Saiko, Quevedo",4,2023,6,8,773,33,57312735.0,20,46,21,8,99.0,170,G#,Minor,62,55,80,15,0,37,7,2023-06-08,0,low,fast,high_energy,mid_dance,other,1000.0,45850268.599999994,814,17.864033425747834
Ditto,NewJeans,1,2022,12,19,1154,22,397582059.0,28,125,11,1,51.0,134,F#,Minor,81,18,64,3,0,10,11,2022-12-19,1,mid,fast,mid_energy,high_dance,sad_song,1392.0,318065764.79999995,1193,19.800911911004377
Take On Me,a-ha,1,1984,10,19,44927,17,1479115056.0,34,0,5108,6,0.0,84,F#,Minor,57,86,90,2,0,9,5,1984-10-19,39,high,slow,high_energy,mid_dance,other,50092.0,1183296539.2,50069,21.114709811428874
"Annihilate (Spider-Man: Across the Spider-Verse) (Metro Boomin & Swae Lee, Lil Wayne, Offset)","Swae Lee, Lil Wayne, Offset, Metro Boomin",4,2023,6,2,551,4,86773632.0,13,46,20,1,10.0,146,B,Minor,61,20,48,21,0,12,6,2023-06-02,0,low,fast,mid_energy,mid_dance,sad_song,645.0,69418961.10000001,584,18.278813366202847
"Angel Pt 1 (feat. Jimin of BTS, JVKE & Muni Long)","Kodak Black, NLE Choppa, Muni Long, JVKE, Jimin",5,2023,5,1,577,14,133753727.0,22,18,15,1,0.0,74,A#,Minor,53,24,67,11,0,10,28,2023-05-01,0,low,slow,mid_energy,mid_dance,sad_song,647.0,107003040.70000002,614,18.711510816249145
Acrï¿½ï¿½s,Shakira,1,2023,5,11,955,29,123124076.0,37,50,79,11,31.0,144,B,Major,75,35,48,84,0,10,12,2023-05-11,0,low,fast,mid_energy,high_dance,chill_song,1192.0,98499359.20000002,1071,18.62870316098173
AMG,"Natanael Cano, Gabito Ballesteros, Peso Pluma",3,2022,11,24,995,19,463564958.0,12,117,9,5,3.0,136,B,Minor,77,79,73,15,0,27,10,2022-11-24,1,mid,fast,high_energy,high_dance,party_song,1160.0,370852067.8,1016,19.954457082017562
"Phir Aur Kya Chahiye (From ""Zara Hatke Zara Bachke"")","Arijit Singh, Sachin-Jigar, Amitabha Bhattacharya",3,2023,5,15,178,6,64533040.0,6,71,1,0,31.0,100,E,Major,56,53,55,53,0,12,4,2023-05-15,0,low,medium,mid_energy,mid_dance,other,293.0,51626450.4,185,17.982687914169702
S-Class,Stray Kids,1,2023,6,2,290,19,65496046.0,9,101,5,0,73.0,105,F,Minor,89,67,78,9,0,7,33,2023-06-02,0,low,medium,high_energy,high_dance,party_song,497.0,52396867.7,304,17.99750034763924
Hits Different,Taylor Swift,1,2023,5,26,547,0,68616963.0,15,15,6,0,0.0,106,F,Major,67,24,78,15,0,30,4,2023-05-26,0,low,medium,high_energy,mid_dance,sad_song,583.0,54893625.10000001,568,18.044050350755057
Chanel,"Becky G, Peso Pluma",2,2023,3,30,681,10,161460990.0,15,92,21,2,26.0,132,D,Major,85,53,68,40,0,9,4,2023-03-30,0,low,fast,mid_energy,high_dance,other,847.0,129168861.1,717,18.899774129655402
Self Love (Spider-Man: Across the Spider-Verse) (Metro Boomin & Coi Leray),"Metro Boomin, Coi Leray",2,2023,6,2,332,5,70106975.0,18,41,5,0,19.0,120,A,Major,78,5,30,21,0,13,5,2023-06-02,0,low,medium,low_energy,high_dance,sad_song,420.0,56085613.7,355,18.065532862032132
Area Codes,"Kaliii, Kaliii",2,2023,3,17,1197,13,113509496.0,44,34,25,1,171.0,155,C#,Major,82,51,39,2,0,9,49,2023-03-17,0,low,fast,low_energy,high_dance,other,1485.0,90807717.80000001,1266,18.54739706539407
Abcdario,"Junior H, Eden Muï¿½ï",2,2023,5,13,262,5,89933133.0,8,60,4,1,109.0,129,G#,Major,70,42,43,78,0,11,3,2023-05-13,0,low,fast,mid_energy,mid_dance,chill_song,449.0,71946533.10000001,274,18.31457699661073
Obsessed,"Abhijay Sharma, Riar Saab",2,2022,9,29,161,6,71007139.0,10,79,2,0,42.0,135,F,Minor,80,85,74,62,0,8,9,2022-09-29,1,low,fast,high_energy,high_dance,party_song,300.0,56805727.900000006,173,18.078290993329713
Piï¿½ï¿½man Deï¿,"Semicenk, Doï¿½ï¿½u ",2,2023,6,2,185,3,43522589.0,5,6,4,1,33.0,98,A#,Minor,73,45,62,28,0,13,13,2023-06-02,0,low,medium,mid_energy,high_dance,other,237.0,34818090.0,194,17.588790671608788
FLOWER,JISOO,1,2023,3,31,839,18,232896922.0,20,110,20,0,69.0,124,A,Minor,84,64,39,3,0,11,4,2023-03-31,0,mid,fast,low_energy,high_dance,other,1076.0,186317623.30000004,879,19.266106523088464
"All The Way Live (Spider-Man: Across the Spider-Verse) (Metro Boomin & Future, Lil Uzi Vert)","Future, Lil Uzi Vert, Metro Boomin",3,2023,6,2,259,0,37126685.0,5,17,5,0,0.0,135,A,Minor,77,28,55,18,0,22,15,2023-06-02,0,low,fast,mid_energy,high_dance,sad_song,286.0,29701373.9,269,17.429846568197362
Eyes Closed,Ed Sheeran,1,2023,3,23,2915,30,195576623.0,116,69,107,3,675.0,107,D,Major,78,39,53,30,0,11,6,2023-03-23,0,mid,medium,mid_energy,high_dance,other,3915.0,156461592.9,3138,19.091462799220743
Escapism.,"RAYE, 070 Shake",2,2022,10,12,5129,25,532336353.0,116,84,114,18,348.0,96,D,Major,54,25,74,14,0,9,11,2022-10-12,1,high,medium,high_energy,mid_dance,sad_song,5834.0,425869597.8,5359,20.09278609188456
La Jumpa,"Arcangel, Bad Bunny",2,2022,11,30,3794,34,538115192.0,47,77,53,10,8.0,123,G#,Major,71,58,70,30,0,32,19,2022-11-30,1,high,fast,mid_energy,high_dance,party_song,4023.0,430492536.4,3894,20.10358320858996
Karma (feat. Ice Spice),"Taylor Swift, Ice Spice",2,2023,5,26,588,0,46142772.0,23,21,31,0,0.0,90,G#,Major,62,7,62,6,0,58,6,2023-05-26,0,low,slow,mid_energy,mid_dance,sad_song,663.0,36914276.4,642,17.647250908600544
Superhero (Heroes & Villains) [with Future & Chris Brown],"Future, Chris Brown, Metro Boomin",3,2022,12,2,2959,16,401036314.0,41,69,38,0,36.0,117,F,Minor,72,45,59,14,0,20,21,2022-12-02,1,mid,medium,mid_energy,high_dance,other,3159.0,320829348.7,3038,19.80956254226769
Las Morras,"BLESSD, Peso Pluma",2,2023,4,4,291,8,127026613.0,8,78,4,1,1.0,133,A,Minor,78,90,84,31,0,7,4,2023-04-04,0,low,fast,high_energy,high_dance,party_song,391.0,101621320.3,303,18.65990718152355
CHORRITO PA LAS ANIMAS,Feid,1,2022,12,2,2321,36,345031710.0,29,65,34,5,3.0,96,G#,Minor,74,61,83,11,0,35,6,2022-12-02,1,mid,medium,high_energy,high_dance,party_song,2493.0,276025603.70000005,2384,19.65914688671365
Ch y la Pizza,"Fuerza Regida, Natanael Cano",2,2022,12,1,536,10,288101651.0,10,72,8,3,14.0,149,G#,Major,66,85,60,40,0,14,13,2022-12-01,1,mid,fast,mid_energy,mid_dance,other,653.0,230481375.4,554,19.478823934158413
Snow On The Beach (feat. More Lana Del Rey),"Lana Del Rey, Taylor Swift",2,2023,5,26,359,2,60350538.0,1,0,9,0,0.0,110,F#,Minor,66,32,40,81,0,11,3,2023-05-26,0,low,medium,low_energy,mid_dance,chill_song,371.0,48280466.50000001,369,17.9156804367024
Players,Coi Leray,1,2022,11,30,4096,6,335074782.0,118,48,143,0,240.0,105,F#,Major,95,62,52,3,0,5,16,2022-11-30,1,mid,medium,mid_energy,high_dance,other,4651.0,268060235.8,4357,19.62986429771242
Bite Me,ENHYPEN,1,2023,5,22,349,69,76767396.0,8,96,5,0,56.0,105,C#,Major,80,69,78,28,0,11,14,2023-05-22,0,low,medium,high_energy,high_dance,party_song,583.0,61413958.6,362,18.15629058975536
Stand By Me (feat. Morgan Wallen),"Lil Durk, Morgan Wallen",2,2023,5,26,381,5,46065667.0,23,82,6,0,113.0,134,B,Major,76,61,58,6,0,16,3,2023-05-26,0,low,fast,mid_energy,high_dance,other,610.0,36852572.2,410,17.645578501668265
Normal,Feid,1,2022,7,8,2461,36,459276435.0,47,66,45,5,6.0,170,E,Minor,71,59,56,4,0,27,12,2022-07-08,1,mid,fast,mid_energy,high_dance,other,2666.0,367421397.70000005,2553,19.945162843821418
Hummingbird (Metro Boomin & James Blake),"James Blake, Metro Boomin",2,2023,6,2,277,1,39666245.0,1,20,5,0,1.0,81,F#,Major,59,26,60,46,1,25,13,2023-06-02,0,low,slow,mid_energy,mid_dance,sad_song,305.0,31733023.8,283,17.496011157309443
Seu Brilho Sumiu - Ao Vivo,"Israel & Rodolffo, Mari Fernandez",2,2023,3,1,967,5,138517666.0,7,29,51,1,29.0,154,F#,Major,63,75,92,31,0,91,5,2023-03-01,0,low,fast,high_energy,mid_dance,other,1089.0,110814230.00000001,1025,18.746508435023426
Bad Habit,Steve Lacy,1,2022,6,29,8186,12,822633917.0,155,72,131,16,29.0,169,C#,Major,69,69,51,63,0,38,4,2022-06-29,1,high,fast,mid_energy,mid_dance,other,8601.0,658107953.4000001,8472,20.528021845587432
CUFF IT,Beyoncï¿,1,2022,7,29,7842,10,595900742.0,215,88,330,26,23.0,115,G,Major,78,64,69,4,0,7,14,2022-07-29,1,high,medium,mid_energy,high_dance,other,8534.0,476721378.8,8387,20.20558467256993
Lilith (feat. SUGA of BTS) (Diablo IV Anthem),"Halsey, Suga",2,2023,6,5,215,6,51985779.0,6,14,8,2,4.0,84,A,Minor,43,14,74,1,0,19,8,2023-06-05,0,low,slow,high_energy,mid_dance,sad_song,255.0,41588645.300000004,229,17.766480777609814
69,"Nicky Jam, Feid",2,2023,5,18,1134,22,57945987.0,39,14,48,2,3.0,93,G#,Major,79,58,62,11,0,11,23,2023-05-18,0,low,medium,mid_energy,high_dance,other,1262.0,46356905.2,1221,17.875021893256747
Niï¿½ï¿½a Bo,"Sean Paul, Feid",2,2023,4,21,1305,34,115010040.0,29,26,43,5,44.0,91,G,Major,82,47,62,10,0,10,15,2023-04-21,0,low,medium,mid_energy,high_dance,other,1486.0,92008165.9,1377,18.560529995559442
Search & Rescue,Drake,1,2023,4,7,2066,6,175097833.0,58,70,43,0,182.0,142,A#,Minor,82,54,44,6,0,33,7,2023-04-07,0,low,fast,mid_energy,high_dance,other,2425.0,140078473.6,2167,18.980855427105325
AMERICA HAS A PROBLEM (feat. Kendrick Lamar),"Kendrick Lamar, Beyoncï¿",2,2023,5,19,896,0,57089066.0,34,2,33,0,1.0,126,C#,Major,78,20,70,1,0,16,4,2023-05-19,0,low,fast,mid_energy,high_dance,party_song,966.0,45671342.400000006,963,17.86012318518998
Lavender Haze,Taylor Swift,1,2022,10,21,3763,8,488386797.0,51,43,38,10,1.0,97,A#,Major,73,10,44,26,0,16,8,2022-10-21,1,high,medium,mid_energy,high_dance,sad_song,3914.0,390709814.70000005,3852,20.006618268713446
"Link Up (Metro Boomin & Don Toliver, Wizkid feat. BEAM & Toian) - Spider-Verse Remix (Spider-Man: Across the Spider-Verse )","WizKid, Toian, Metro Boomin, Don Toliver, Beam",5,2023,6,2,197,0,32761689.0,3,10,3,0,0.0,101,F,Major,92,59,51,41,51,26,8,2023-06-02,0,low,medium,mid_energy,high_dance,other,213.0,26209370.900000002,203,17.304770402920152
Efecto,Bad Bunny,1,2022,5,6,4004,33,1047480053.0,34,65,43,6,2.0,98,G,Minor,80,23,48,14,0,6,5,2022-05-06,1,high,medium,mid_energy,high_dance,sad_song,4187.0,837984446.1,4081,20.76965316805183
Erro Gostoso - Ao Vivo,Simone Mendes,1,2023,1,27,984,5,153454328.0,8,57,76,2,49.0,154,F#,Major,59,63,89,18,0,80,9,2023-01-27,0,low,fast,high_energy,mid_dance,other,1181.0,122763561.30000001,1068,18.848913549775787
Cupido,Tini,1,2023,2,14,1240,24,217672943.0,51,29,63,4,54.0,120,A,Major,91,63,58,52,0,31,22,2023-02-14,0,mid,medium,mid_energy,high_dance,other,1465.0,174138480.8,1354,19.198504237360428
Just Wanna Rock,Lil Uzi Vert,1,2022,10,17,3995,13,457184829.0,72,27,47,0,0.0,150,B,Major,49,4,55,7,0,6,3,2022-10-17,1,mid,fast,mid_energy,mid_dance,sad_song,4154.0,365748264.00000006,4114,19.94059830910698
Unstoppable,Sia,1,2016,1,21,7681,13,939844851.0,119,66,1145,2,0.0,174,A,Major,47,27,78,11,0,10,8,2016-01-21,7,high,fast,high_energy,mid_dance,sad_song,9026.0,751876650.2,8945,20.66122536854207
Until I Found You,Stephen Sanchez,1,2021,9,1,4427,4,726434358.0,69,100,154,20,438.0,202,A#,Major,34,25,51,69,0,18,4,2021-09-01,2,high,fast,mid_energy,low_dance,sad_song,5212.0,581147929.5,4650,20.40365868451819
Rich Flex,"Drake, 21 Savage",2,2022,11,4,4657,18,573633020.0,84,84,42,0,23.0,153,B,Minor,56,42,52,5,0,36,24,2022-11-04,1,high,fast,mid_energy,mid_dance,other,4908.0,458906883.5,4783,20.167500413584342
Easy On Me,Adele,1,2021,10,14,10195,20,1406111294.0,258,87,657,22,9.0,142,F,Major,60,13,37,58,0,13,3,2021-10-14,2,high,fast,low_energy,mid_dance,sad_song,11248.0,1124890056.7,11110,21.06409378438562
Cartï¿½ï¿½o B,"MC Caverinha, KayBlack",2,2023,5,11,269,4,71573339.0,7,2,30,1,11.0,108,A,Minor,84,55,47,26,0,20,64,2023-05-11,0,low,medium,mid_energy,high_dance,other,324.0,57258698.5,306,18.086233216224038
Danger (Spider) (Offset & JID),"Offset, JID",2,2023,6,2,214,0,24975653.0,3,3,6,0,0.0,143,B,Major,83,25,69,4,0,23,12,2023-06-02,0,low,fast,mid_energy,high_dance,sad_song,226.0,19980543.8,223,17.033412068342226
Oi Balde - Ao Vivo,Zï¿½ï¿½ Neto & Crist,1,2023,2,14,845,2,145458418.0,12,57,47,1,33.0,108,D,Major,67,55,67,60,0,80,5,2023-02-14,0,low,medium,mid_energy,mid_dance,other,997.0,116366819.10000001,904,18.79540082366419
The Real Slim Shady,Eminem,1,2000,1,1,20763,27,1424589568.0,81,53,3271,1,17.0,104,F,Minor,95,78,66,3,0,4,6,2000-01-01,23,high,medium,mid_energy,high_dance,other,24213.0,1139673733.4,24115,21.07714958742641
MERCHO,"Migrantes, LiL CaKe, Nico Valdi",3,2022,12,16,1267,20,231332117.0,41,22,56,4,84.0,93,F#,Minor,84,96,79,43,0,18,11,2022-12-16,1,mid,medium,high_energy,high_dance,party_song,1494.0,185065822.3,1364,19.259364976186863
The Color Violet,Tory Lanez,1,2021,12,10,2585,32,415932686.0,3,79,21,1,54.0,105,F#,Minor,65,46,53,16,0,9,5,2021-12-10,2,mid,medium,mid_energy,mid_dance,other,2775.0,332746410.5,2609,19.846033995036716
Glimpse of Us,Joji,1,2022,6,10,6330,6,988515741.0,109,42,158,3,31.0,170,G#,Major,44,27,32,89,0,14,5,2022-06-10,1,high,fast,low_energy,mid_dance,chill_song,6679.0,790813226.4000001,6597,20.71171512558724
Mejor Que Yo,"Mambo Kingz, DJ Luian, Anuel Aa",3,2023,5,4,675,1,50847624.0,9,13,11,0,1.0,178,C#,Minor,62,56,66,18,0,12,5,2023-05-04,0,low,fast,mid_energy,mid_dance,other,710.0,40678166.800000004,695,17.74434397337005
Curtains,Ed Sheeran,1,2023,5,5,715,0,39893489.0,37,3,27,0,50.0,176,F#,Minor,50,44,76,10,0,32,5,2023-05-05,0,low,fast,high_energy,mid_dance,other,832.0,31914862.700000003,779,17.501723710653657
UNFORGIVEN (feat. Nile Rodgers),"Nile Rodgers, LE SSERAFIM",2,2023,5,1,327,13,92035115.0,14,110,9,0,49.0,104,E,Minor,80,38,88,11,0,11,5,2023-05-01,0,low,medium,high_energy,high_dance,party_song,522.0,73628126.0,350,18.337680757838235
Haegeum,Agust D,1,2023,4,21,244,12,118810253.0,6,84,10,2,9.0,85,G,Major,70,83,84,31,0,47,30,2023-04-21,0,low,slow,high_energy,mid_dance,party_song,367.0,95048228.00000001,260,18.593038274299367
Conexï¿½ï¿½es de Mï¿½ï¿½fia (feat. Rich ,"Rich The Kid, Matuï¿",2,2023,4,30,385,4,77233241.0,17,7,41,1,29.0,117,F#,Minor,77,69,58,39,0,26,5,2023-04-30,0,low,medium,mid_energy,high_dance,other,484.0,61786631.7,443,18.162340518170137
MIENTRAS ME CURO DEL CORA,Karol G,1,2023,2,24,1020,35,206399629.0,15,26,30,6,0.0,80,Unknown,Major,52,57,48,86,0,15,39,2023-02-24,0,mid,slow,mid_energy,mid_dance,chill_song,1132.0,165119808.70000002,1065,19.145324798934418
Never Felt So Alone,Labrinth,1,2023,4,7,1730,3,117747907.0,46,5,51,0,20.0,98,F,Major,44,36,41,50,0,38,5,2023-04-07,0,low,medium,mid_energy,mid_dance,other,1855.0,94198498.9,1827,18.584056524248624
X SI VOLVEMOS,"Karol G, Romeo Santos",2,2023,2,2,2127,33,266624541.0,45,80,53,8,4.0,178,C#,Minor,79,58,78,34,0,11,25,2023-02-02,0,mid,fast,high_energy,high_dance,party_song,2350.0,213299848.8,2225,19.40135201698591
ceilings,Lizzy McAlpine,1,2022,4,8,3242,9,293186992.0,67,55,48,0,6.0,148,A,Major,51,27,33,48,0,22,3,2022-04-08,1,mid,fast,low_energy,mid_dance,sad_song,3427.0,234549918.70000002,3357,19.496321164782643
Cupid,Fifty Fifty,1,2023,2,24,526,10,139681964.0,15,93,30,0,320.0,120,D,Major,77,94,66,65,0,38,3,2023-02-24,0,low,medium,mid_energy,high_dance,other,994.0,111745624.8,571,18.75487871782603
I AM,IVE,1,2023,4,10,366,15,123132751.0,16,102,7,0,55.0,122,E,Minor,68,38,88,1,0,8,5,2023-04-10,0,low,fast,high_energy,mid_dance,other,561.0,98506238.9,389,18.628773615880696
Cupid ï¿½ï¿½ï¿½ Twin Ver. (FIFTY FIFTY) ï¿½ï¿½ï¿½ Spe,sped up 8282,1,1997,1,1,472,2,103762518.0,0,0,6,0,0.0,144,F,Major,74,75,73,42,0,9,4,1997-01-01,26,low,fast,high_energy,high_dance,party_song,480.0,83010061.80000001,478,18.45761537485588
Shorty Party,"Cartel De Santa, La Kelly",2,2023,3,4,432,12,162887075.0,8,14,12,2,33.0,96,D,Major,93,47,47,33,0,10,36,2023-03-04,0,low,medium,mid_energy,high_dance,other,513.0,130309704.4,452,18.90856773340835
Super,SEVENTEEN,1,2023,4,24,271,12,91221625.0,16,103,9,0,55.0,137,G#,Major,77,35,88,16,0,17,9,2023-04-24,0,low,fast,high_energy,high_dance,party_song,466.0,72977328.3,296,18.328802554127332
Slut Me Out,NLE Choppa,1,2022,4,22,816,4,190490915.0,21,4,13,0,4.0,121,F#,Minor,94,71,61,12,0,53,42,2022-04-22,1,mid,fast,mid_energy,high_dance,other,862.0,152392814.0,850,19.065115066354693
Double Fantasy (with Future),"The Weeknd, Future",2,2023,4,21,1169,0,96180277.0,36,65,28,0,0.0,119,A,Minor,60,10,57,1,0,50,3,2023-04-21,0,low,medium,mid_energy,mid_dance,sad_song,1298.0,76944338.50000001,1233,18.38173488422342
All Of The Girls You Loved Before,Taylor Swift,1,2019,8,23,1282,6,185240616.0,26,6,19,0,5.0,96,D,Major,72,40,47,71,0,13,4,2019-08-23,4,mid,medium,mid_energy,high_dance,chill_song,1344.0,148192621.6,1327,19.03716617038536
PROVENZA,Karol G,1,2022,4,21,6587,34,885093467.0,114,104,147,11,20.0,111,C#,Major,87,53,52,66,1,11,5,2022-04-21,1,high,medium,mid_energy,high_dance,other,7017.0,708075435.7,6848,20.601203810954807
Princess Diana (with Nicki Minaj),"Nicki Minaj, Ice Spice",2,2023,4,14,1444,4,104992946.0,0,0,0,0,0.0,148,A,Major,90,74,68,14,0,10,19,2023-04-14,0,low,fast,mid_energy,high_dance,other,1448.0,83994501.60000002,1444,18.469403734437126
Di Que Si,"Grupo Marca Registrada, Grupo Frontera",2,2023,2,3,356,10,147290338.0,4,64,4,2,37.0,182,A,Major,57,80,59,8,0,6,5,2023-02-03,0,low,fast,mid_energy,mid_dance,other,477.0,117832307.0,364,18.80791629204499
Shivers,Ed Sheeran,1,2021,9,9,10147,30,1302184087.0,234,71,543,18,0.0,141,D,Major,79,82,86,28,0,4,9,2021-09-09,2,high,fast,high_energy,high_dance,party_song,11043.0,1041748287.3000001,10924,20.98730875937123
Igualito a Mi Apï¿,"Fuerza Regida, Peso Pluma",2,2022,12,30,265,6,158950978.0,8,84,5,1,4.0,145,E,Minor,76,80,81,19,0,6,9,2022-12-30,1,low,fast,high_energy,high_dance,party_song,373.0,127160809.5,278,18.88410640447167
Shoong! (feat. LISA of BLACKPINK),"TAEYANG, Lisa",2,2023,4,25,351,9,76910644.0,16,90,10,0,64.0,110,B,Minor,76,26,70,1,0,41,6,2023-04-25,0,low,medium,mid_energy,high_dance,party_song,540.0,61528551.2,377,18.158154851423763
Komang,Raim Laode,1,2022,8,16,158,4,137123880.0,5,6,1,1,18.0,134,G,Major,70,35,41,41,0,10,3,2022-08-16,1,low,fast,mid_energy,mid_dance,other,193.0,109699120.2,164,18.736395316088814
DESPECHï¿,ROSALï¿½,1,2022,7,28,7613,33,782369383.0,180,90,422,15,55.0,130,G,Major,92,78,62,18,0,6,10,2022-07-28,1,high,fast,mid_energy,high_dance,other,8408.0,625896270.9999999,8215,20.477837545039904
Made You Look,Meghan Trainor,1,2022,10,21,3956,6,502574952.0,142,23,127,3,16.0,145,A#,Major,84,88,53,35,0,8,7,2022-10-21,1,high,fast,mid_energy,high_dance,other,4273.0,402060357.8000001,4225,20.035255346973234
Watch This - ARIZONATEARS Pluggnb Remix,"sped up nightcore, ARIZONATEARS, Lil Uzi Vert",3,2023,2,5,1638,10,207033255.0,0,0,21,0,0.0,130,B,Minor,69,36,90,1,10,15,4,2023-02-05,0,mid,fast,high_energy,mid_dance,other,1669.0,165626768.8,1659,19.14838999533052
No Se Va,Grupo Frontera,1,2022,4,28,924,18,404887295.0,17,80,22,9,38.0,173,Unknown,Major,59,69,53,12,0,23,3,2022-04-28,1,mid,fast,mid_energy,mid_dance,other,1108.0,323909930.2,963,19.819119304861854
Punto G,Quevedo,1,2022,11,4,1985,35,381161027.0,34,26,37,5,1.0,92,B,Minor,75,55,76,25,0,10,15,2022-11-04,1,mid,medium,high_energy,high_dance,party_song,2123.0,304929023.6,2056,19.75873248947074
Lovers Rock,TV Girl,1,2014,6,5,6339,13,466231982.0,3,1,36,1,37.0,105,F,Minor,56,57,87,0,1,10,4,2014-06-05,9,mid,medium,high_energy,mid_dance,other,6430.0,372986220.8,6378,19.960193885816416
METAMORPHOSIS,INTERWORLD,1,2021,11,25,1561,24,357580552.0,18,78,24,0,30.0,175,G,Minor,59,15,64,43,90,12,10,2021-11-25,2,mid,fast,mid_energy,mid_dance,sad_song,1735.0,286064600.1,1603,19.69487121779383
Mami Chula,"Quevedo, Jhayco",2,2023,4,27,875,4,61105704.0,17,13,27,0,43.0,120,G,Minor,80,33,70,22,0,9,4,2023-04-27,0,low,medium,mid_energy,high_dance,party_song,979.0,48884651.1,919,17.928115791305068
En Paris,"El Chachito, Junior H",2,2022,12,24,406,5,198275403.0,3,31,2,1,0.0,139,D#,Minor,70,77,48,37,0,12,5,2022-12-24,1,mid,fast,mid_energy,mid_dance,other,448.0,158620363.5,411,19.10516755150566
Set Me Free Pt.2,Jimin,1,2023,3,17,340,13,168448603.0,4,71,16,1,9.0,132,Unknown,Minor,59,56,82,12,0,12,6,2023-03-17,0,low,fast,high_energy,mid_dance,other,454.0,134758917.70000002,360,18.94214124045688
I Was Never There,"The Weeknd, Gesaffelstein",2,2018,3,29,4188,15,705469769.0,30,70,142,0,27.0,114,A#,Major,32,17,74,14,0,17,3,2018-03-29,5,high,medium,high_energy,low_dance,sad_song,4472.0,564376235.5,4360,20.374374479295863
Don't ever say love me (feat. RM of BTS),"RM, Colde",2,2023,5,4,105,0,34502215.0,5,9,5,0,0.0,145,B,Minor,54,19,48,36,0,37,5,2023-05-04,0,low,fast,mid_energy,mid_dance,sad_song,124.0,27601782.5,115,17.356534111822867
Shut Down,BLACKPINK,1,2022,9,16,1524,17,482175240.0,53,120,62,0,2.0,110,Unknown,Major,82,67,69,0,0,18,4,2022-09-16,1,high,medium,mid_energy,high_dance,other,1778.0,385740346.09999996,1639,19.99381817647854
Gato de Noche,"Nengo Flow, Bad Bunny",2,2022,12,22,2651,30,304118600.0,21,55,32,3,0.0,94,G#,Major,89,61,66,17,0,36,16,2022-12-22,1,mid,medium,mid_energy,high_dance,other,2792.0,243295148.1,2704,19.532928318156095
Call Out My Name,The Weeknd,1,2018,3,29,11087,6,1449799467.0,151,107,801,1,105.0,134,C#,Major,45,17,60,21,0,33,4,2018-03-29,5,high,fast,mid_energy,mid_dance,sad_song,12258.0,1159840682.9,12039,21.09469108588382
Like Crazy (English Version),Jimin,1,2023,3,24,373,19,173627354.0,4,72,5,0,5.0,120,G,Major,62,32,76,0,0,39,4,2023-03-24,0,low,medium,high_energy,mid_dance,other,478.0,138901922.40000004,382,18.9724219226617
Rosa Pastel,"Jasiel Nuï¿½ï¿½ez, Peso P",2,2023,2,2,200,4,90025258.0,8,77,2,1,1.0,123,G,Minor,70,86,68,24,0,11,4,2023-02-02,0,low,fast,mid_energy,mid_dance,other,293.0,72020226.80000001,210,18.315600844473693
Sunroof,"Nicky Youre, Dazy",2,2021,12,3,3741,17,652704649.0,156,35,110,19,0.0,131,A#,Major,77,84,71,35,0,15,4,2021-12-03,2,high,fast,high_energy,high_dance,party_song,4078.0,522164095.00000006,4007,20.296635287833173
Lose Yourself - Soundtrack Version,Eminem,1,2002,1,1,32502,21,1829992958.0,247,54,5567,1,51.0,171,D,Major,70,6,73,1,0,36,26,2002-01-01,21,high,fast,high_energy,mid_dance,party_song,38443.0,1463997618.7,38316,21.327577956251357
Superman,"Eminem, Dina Rae",2,2002,5,26,7615,14,655466831.0,18,51,1005,0,0.0,130,E,Minor,80,64,76,2,0,20,6,2002-05-26,21,high,fast,high_energy,high_dance,party_song,8703.0,524374227.7,8638,20.300858260345496
Mas Rica Que Ayer,"Mambo Kingz, DJ Luian, Anuel Aa",3,2023,3,2,1208,34,146409671.0,10,41,20,0,1.0,94,B,Major,82,53,67,34,0,9,8,2023-03-02,0,low,medium,mid_energy,high_dance,other,1314.0,117127861.00000001,1238,18.801919222883022
People Pt.2 (feat. IU),"IU, Agust D",2,2023,4,7,209,4,95816024.0,4,45,11,2,24.0,89,G,Minor,73,44,57,39,0,32,6,2023-04-07,0,low,slow,mid_energy,high_dance,other,299.0,76652840.50000001,224,18.377940504526205
REMIX EXCLUSIVO,Feid,1,2023,3,17,1235,9,117206995.0,20,8,15,0,6.0,87,F,Minor,65,71,56,4,0,15,20,2023-03-17,0,low,slow,mid_energy,mid_dance,other,1293.0,93765720.4,1270,18.579452126158404
"Arcï¿½ï¿½ngel: Bzrp Music Sessions, Vol","Arcangel, Bizarrap",2,2023,3,22,654,3,100409613.0,11,3,18,1,1.0,124,B,Minor,72,79,78,55,0,15,30,2023-03-22,0,low,fast,high_energy,high_dance,party_song,691.0,80327756.10000001,683,18.424768517609607
DOGTOOTH,"Tyler, The Creator",2,2023,3,27,1479,0,80758350.0,23,0,18,0,33.0,78,G#,Major,71,80,65,51,0,22,32,2023-03-27,0,low,slow,mid_energy,high_dance,other,1553.0,64606827.9,1520,18.206971932676428
10:35,"Tiï¿½ï¿½sto, Tate M",2,2022,11,1,4942,26,325592432.0,190,104,147,18,63.0,120,G#,Major,70,70,79,7,0,18,10,2022-11-01,1,mid,medium,high_energy,mid_dance,party_song,5490.0,260474442.4,5279,19.601156951650612
SORRY NOT SORRY,"Tyler, The Creator",2,2023,3,31,709,0,58473276.0,8,1,13,0,0.0,96,F#,Minor,48,50,80,40,0,37,20,2023-03-31,0,low,medium,high_energy,mid_dance,other,731.0,46778691.7,730,17.884080404416814
HAPPY,NF,1,2023,3,25,660,0,52722996.0,22,7,11,0,78.0,106,G,Major,73,22,86,31,0,12,4,2023-03-25,0,low,medium,high_energy,high_dance,party_song,778.0,42178462.800000004,693,17.780562294038976
La Bebe,Yng Lvcas,1,2021,12,24,489,17,191945597.0,4,11,5,1,2.0,170,D,Minor,78,75,46,62,0,12,35,2021-12-24,2,mid,fast,mid_energy,high_dance,chill_song,529.0,153556528.2,498,19.07272254609263
I Know - PR1SVX Edit,"Kanii, PR1ISVX",2,2023,3,24,407,0,77377503.0,16,15,5,0,1.0,134,B,Minor,67,11,76,8,47,30,7,2023-03-24,0,low,fast,high_energy,mid_dance,sad_song,444.0,61902043.10000001,428,18.16420665031939
Late Night Talking,Harry Styles,1,2022,5,20,7461,8,743693613.0,166,42,199,16,58.0,115,A#,Major,71,90,73,30,0,11,5,2022-05-20,1,high,medium,high_energy,high_dance,party_song,7950.0,594955637.3,7826,20.42713969884091
Leï¿½,Marï¿½ï¿½lia Mendo,1,2022,12,9,993,4,267789608.0,30,84,88,1,28.0,130,F#,Major,74,79,87,45,0,30,3,2022-12-09,1,mid,fast,high_energy,high_dance,party_song,1228.0,214231786.10000002,1111,19.40571218912427
Save Your Tears (with Ariana Grande) (Remix),"Ariana Grande, The Weeknd",2,2020,3,20,9161,5,1221813483.0,240,98,468,3,10.0,118,Unknown,Major,65,63,79,3,0,10,3,2020-03-20,3,high,medium,high_energy,mid_dance,other,9985.0,977451703.0000001,9869,20.923602054295177
Something in the Orange,Zach Bryan,1,2022,4,22,3282,12,449701773.0,67,84,46,16,117.0,110,G,Major,59,22,38,42,0,12,3,2022-04-22,1,mid,medium,low_energy,mid_dance,sad_song,3624.0,359761747.8,3395,19.924095196585277
VOID,Melanie Martinez,1,2023,3,29,596,0,67070410.0,29,9,12,0,52.0,100,A,Major,72,42,66,18,4,19,4,2023-03-29,0,low,medium,mid_energy,high_dance,other,698.0,53656387.6,637,18.021253535983192
Dijeron Que No La Iba Lograr,"Fuerza Regida, Chino Pacas",2,2023,3,14,320,6,116334601.0,5,48,2,1,9.0,142,G,Minor,70,76,79,26,0,11,7,2023-03-14,0,low,fast,high_energy,mid_dance,party_song,391.0,93067713.4,327,18.571981096883253
Midnight Rain,Taylor Swift,1,2022,10,21,2612,4,433356509.0,19,29,21,0,0.0,140,Unknown,Major,64,18,37,72,0,12,7,2022-10-21,1,mid,fast,low_energy,mid_dance,chill_song,2685.0,346685468.8,2652,19.887071295930927
If We Ever Broke Up,Mae Stephens,1,2023,2,10,2040,4,165584767.0,81,27,66,9,444.0,116,G,Major,90,96,73,62,0,9,4,2023-02-10,0,low,medium,high_energy,high_dance,party_song,2671.0,132468018.00000001,2187,18.924993815008623
You Proof,Morgan Wallen,1,2022,5,13,2128,9,367814306.0,37,88,9,0,14.0,120,A,Major,73,64,85,25,0,61,3,2022-05-13,1,mid,medium,high_energy,high_dance,party_song,2285.0,294251658.5,2174,19.72308876823603
LA INOCENTE,"Feid, Mora",2,2022,4,1,2598,37,477033549.0,28,57,43,8,85.0,92,F,Minor,76,46,79,31,0,7,6,2022-04-01,1,high,medium,high_energy,high_dance,party_song,2856.0,381627102.70000005,2669,19.983097381808964
Malas Decisiones,Kenia OS,1,2022,10,26,542,2,156214700.0,23,2,21,0,0.0,110,G#,Minor,81,64,79,5,0,31,3,2022-10-26,1,low,medium,high_energy,high_dance,party_song,590.0,124971814.4,586,18.866741907458465
Murder In My Mind,Kordhell,1,2022,1,21,2459,20,448843705.0,20,68,50,0,22.0,120,A#,Major,71,57,97,1,0,13,11,2022-01-21,1,mid,medium,high_energy,high_dance,party_song,2639.0,359075211.9,2529,19.922185291566706
Gangsta's Paradise,"Coolio, L.V.",2,1995,7,11,10624,17,1357608774.0,21,0,386,0,0.0,80,G#,Major,63,40,61,9,0,56,6,1995-07-11,28,high,slow,mid_energy,mid_dance,other,11048.0,1086088083.3000002,11031,21.02899073547566
CAIRO,"Karol G, Ovy On The Drums",2,2022,11,13,2418,26,294352144.0,52,66,55,1,16.0,115,F,Minor,95,43,69,47,0,9,31,2022-11-13,1,mid,medium,mid_energy,high_dance,other,2634.0,235481959.60000002,2525,19.50028738065507
I Love You So,The Walters,1,2014,11,28,7536,7,972164968.0,44,19,135,0,6.0,76,A#,Major,58,46,67,65,0,13,4,2014-11-28,9,high,slow,mid_energy,mid_dance,other,7747.0,777732728.7000002,7715,20.695036069217117
Dark Red,Steve Lacy,1,2017,2,20,10431,7,920045682.0,71,53,181,0,10.0,172,F#,Major,60,77,78,45,0,12,6,2017-02-20,6,high,fast,high_energy,mid_dance,other,10753.0,736037589.4000001,10683,20.639933882209352
Say You Won't Let Go,James Arthur,1,2016,9,9,15722,16,2420461338.0,231,37,1509,0,13.0,99,A#,Major,40,45,56,69,0,9,5,2016-09-09,7,high,medium,mid_energy,low_dance,other,17528.0,1936370644.2,17462,21.607223994896696
The Hills,The Weeknd,1,2015,5,27,25744,4,1947371785.0,122,94,1992,0,18.0,136,Unknown,Minor,36,12,57,9,0,14,8,2015-05-27,8,high,fast,mid_energy,low_dance,sad_song,27974.0,1557900002.8000002,27858,21.38974649836865
Heart To Heart,Mac DeMarco,1,2019,5,10,1640,0,244658767.0,27,27,29,1,1.0,150,G#,Minor,90,64,14,67,35,11,10,2019-05-10,4,mid,fast,low_energy,high_dance,chill_song,1725.0,195727177.60000002,1696,19.315375014010815
Peaches (from The Super Mario Bros. Movie),Jack Black,1,2023,4,7,34,0,68216992.0,0,0,0,0,0.0,92,A#,Minor,71,41,31,79,0,10,5,2023-04-07,0,low,medium,low_energy,high_dance,chill_song,34.0,54573597.0,34,18.038204256000316
Marisola - Remix,"Duki, NICKI NICOLE, Cris Mj, Standly, Stars Music Chile",5,2022,12,15,1845,16,223582566.0,20,8,30,2,0.0,95,C#,Major,77,72,87,17,0,7,5,2022-12-15,1,mid,medium,high_energy,high_dance,party_song,1921.0,178866238.9,1895,19.2252913310895
LOKERA,"Brray, Rauw Alejandro, Lyanno",3,2022,7,25,3301,30,471819764.0,72,64,64,6,3.0,102,B,Minor,83,58,83,21,0,10,5,2022-07-25,1,mid,medium,high_energy,high_dance,party_song,3540.0,377456144.3000001,3437,19.972107616811538
Low,SZA,1,2022,12,9,1911,0,272377463.0,23,71,14,0,9.0,145,Unknown,Minor,70,34,55,43,0,16,6,2022-12-09,1,mid,fast,mid_energy,mid_dance,other,2028.0,217902161.5,1948,19.422699397539677
Numb,Linkin Park,1,2003,3,24,20111,5,1361425037.0,39,0,7341,0,0.0,110,A,Major,50,24,86,0,0,64,4,2003-03-24,20,high,medium,high_energy,mid_dance,sad_song,27496.0,1089142041.2,27491,21.03179781017084
Tormenta (feat. Bad Bunny),"Gorillaz, Bad Bunny",2,2023,2,24,1529,0,149778242.0,32,18,39,2,0.0,95,Unknown,Major,64,30,77,46,0,38,6,2023-02-24,0,low,medium,high_energy,mid_dance,sad_song,1620.0,119822746.50000001,1600,18.82466637817857
on the street (with J. Cole),"j-hope, J. Cole",2,2023,3,3,615,2,116599790.0,22,82,8,0,9.0,94,B,Minor,68,81,82,53,0,9,13,2023-03-03,0,low,medium,high_energy,mid_dance,other,738.0,93279893.7,645,18.57425803942623
One Thing At A Time,Morgan Wallen,1,2022,12,2,811,4,148469433.0,11,58,5,0,21.0,142,G,Major,61,92,91,0,0,26,3,2022-12-02,1,low,fast,high_energy,mid_dance,other,910.0,118775627.9,827,18.815889663370957
Miss You,"Robin Schulz, Oliver Tree",2,2022,8,5,5730,10,497225336.0,108,16,197,3,165.0,145,F#,Minor,59,20,74,1,0,15,5,2022-08-05,1,high,fast,high_energy,mid_dance,sad_song,6229.0,397780842.8,6035,20.024553875674933
Ainï¿½ï¿½ï¿½t Tha,Morgan Wallen,1,2023,3,3,356,4,88791109.0,4,20,0,0,0.0,121,F#,Minor,64,67,80,0,0,36,3,2023-03-03,0,low,fast,high_energy,mid_dance,other,384.0,71032923.2,360,18.301797090338184
Thinkinï¿½ï¿½ï¿½ B,Morgan Wallen,1,2023,3,3,604,6,125917280.0,22,101,0,0,66.0,140,D#,Minor,66,43,76,49,0,12,3,2023-03-03,0,low,fast,high_energy,mid_dance,other,799.0,100733885.0,626,18.651135749325267
Private Landing (feat. Justin Bieber & Future),"Don Toliver, Future, Justin Bieber",3,2023,2,23,1190,0,105062254.0,29,3,18,0,19.0,137,C#,Minor,84,44,67,8,0,11,6,2023-02-23,0,low,fast,mid_energy,high_dance,other,1259.0,84049922.2,1237,18.47006363718512
Everything I Love,Morgan Wallen,1,2023,1,31,579,0,95623148.0,11,54,0,0,103.0,104,G#,Major,56,72,85,0,0,15,3,2023-01-31,0,low,medium,high_energy,mid_dance,other,747.0,76498576.30000001,590,18.375925493060883
Heaven,Niall Horan,1,2023,2,17,1553,2,144584800.0,61,6,48,0,150.0,92,F,Major,57,68,76,7,0,33,3,2023-02-17,0,low,medium,high_energy,mid_dance,other,1820.0,115667995.5,1662,18.789376751514357
LET GO,Central Cee,1,2022,12,15,2301,20,298063749.0,49,23,110,0,8.0,146,D,Minor,74,51,45,86,0,21,38,2022-12-15,1,mid,fast,mid_energy,high_dance,chill_song,2511.0,238451231.3,2460,19.512817947765235
Sial,Mahalini,1,2023,1,23,134,4,166570053.0,4,6,0,0,23.0,120,D,Major,56,20,43,89,0,12,4,2023-01-23,0,low,medium,mid_energy,mid_dance,chill_song,171.0,133256056.20000002,138,18.93092652364127
I Wrote The Book,Morgan Wallen,1,2023,1,31,430,0,83021468.0,15,17,0,0,0.0,144,D,Major,68,83,81,9,0,8,4,2023-01-31,0,low,fast,high_energy,mid_dance,other,462.0,66417217.400000006,445,18.234609794964058
"Apna Bana Le (From ""Bhediya"")","Arijit Singh, Sachin-Jigar",2,2022,11,5,86,0,139836056.0,11,101,0,0,48.0,94,A,Major,59,44,56,80,0,6,3,2022-11-05,1,low,medium,mid_energy,mid_dance,other,246.0,111868853.4,97,18.755981272963673
SPIT IN MY FACE!,ThxSoMch,1,2022,10,31,629,14,303216294.0,32,3,9,0,0.0,94,G#,Major,73,65,79,5,2,11,6,2022-10-31,1,mid,medium,high_energy,high_dance,party_song,687.0,242573099.50000003,670,19.52995695369206
PLAYA DEL INGLï¿½,"Myke Towers, Quevedo",2,2022,12,15,1701,15,221409663.0,30,15,34,2,47.0,113,G,Minor,79,66,74,8,0,11,5,2022-12-15,1,mid,medium,high_energy,high_dance,party_song,1844.0,177127902.0,1765,19.21552522678936
Man Made A Bar (feat. Eric Church),"Morgan Wallen, Eric Church",2,2023,3,3,329,0,58890931.0,14,35,1,0,0.0,148,E,Major,50,49,76,12,0,12,3,2023-03-03,0,low,fast,high_energy,mid_dance,other,379.0,47112777.7,344,17.89119768091201
Red Ruby Da Sleeze,Nicki Minaj,1,2023,3,3,1168,0,81419389.0,45,11,20,0,21.0,98,C#,Major,70,29,73,12,0,11,26,2023-03-03,0,low,medium,high_energy,mid_dance,party_song,1265.0,65135628.0,1233,18.215124008994337
Kahani Suno 2.0,Kaifi Khalil,1,2022,5,31,162,6,156777415.0,1,10,1,0,1.0,140,B,Major,58,26,38,91,0,10,4,2022-05-31,1,low,fast,low_energy,mid_dance,chill_song,181.0,125421948.8,164,18.870337624894933
Nobody Gets Me,SZA,1,2022,12,9,2536,6,284908316.0,59,100,58,13,2.0,100,G,Major,36,28,28,81,0,18,3,2022-12-09,1,mid,medium,low_energy,low_dance,chill_song,2774.0,227926907.0,2653,19.46767799174123
PERO Tï¿,"Karol G, Quevedo",2,2023,2,23,387,11,93438910.0,11,15,14,3,1.0,140,F#,Major,86,68,79,39,0,11,29,2023-02-23,0,low,fast,high_energy,high_dance,party_song,442.0,74751167.8,412,18.352818422438606
Hype Boy,NewJeans,1,2022,8,1,892,17,363472647.0,20,119,12,2,7.0,100,E,Minor,59,78,94,27,0,29,23,2022-08-01,1,mid,medium,high_energy,mid_dance,other,1069.0,290778208.5,924,19.711214605889378
Bloody Mary,Lady Gaga,1,2011,1,1,3909,0,372476382.0,66,26,277,3,734.0,100,A,Minor,59,49,65,2,0,13,3,2011-01-01,12,mid,medium,mid_energy,mid_dance,other,5015.0,297981496.5,4252,19.735684192431656
Monotonï¿½,"Ozuna, Shakira",2,2022,10,19,3645,15,380726517.0,118,34,150,4,19.0,132,Unknown,Minor,87,82,70,42,0,21,5,2022-10-19,1,mid,fast,mid_energy,high_dance,party_song,3985.0,304581579.6,3913,19.7575918748239
ýýý98 Braves,Morgan Wallen,1,2023,3,3,282,0,56533272.0,6,15,0,0,0.0,142,D,Major,49,48,67,10,0,26,3,2023-03-03,0,low,fast,mid_energy,mid_dance,other,303.0,45226645.800000004,288,17.850339925436415
WANDA,Quevedo,1,2023,1,20,888,22,175399345.0,11,24,7,1,7.0,176,E,Minor,72,96,63,25,0,21,7,2023-01-20,0,low,fast,mid_energy,high_dance,other,960.0,140319567.0,906,18.98257590927511
Thought You Should Know,Morgan Wallen,1,2022,5,6,968,4,203221468.0,16,53,1,0,61.0,140,F#,Major,53,51,70,49,0,14,3,2022-05-06,1,mid,fast,mid_energy,mid_dance,other,1103.0,162577271.60000002,985,19.129806922615114
In The End,Linkin Park,1,2000,10,24,25065,6,1624165576.0,63,0,6808,2,0.0,105,D#,Minor,55,40,90,1,0,32,6,2000-10-24,23,high,medium,high_energy,mid_dance,other,31944.0,1299334967.9,31936,21.208260029769498
Zona De Perigo,Leo Santana,1,2022,12,8,531,4,134294498.0,20,1,71,2,0.0,135,F,Major,81,97,77,75,0,35,3,2022-12-08,1,low,fast,high_energy,high_dance,party_song,629.0,107435651.9,622,18.715545700118447
Lovezinho,Treyce,1,2022,7,28,242,0,70069745.0,12,2,13,0,4.0,128,E,Minor,82,61,59,30,0,12,4,2022-07-28,1,low,fast,mid_energy,high_dance,other,273.0,56055820.2,267,18.065001675393663
I Like You (A Happier Song) (with Doja Cat),"Post Malone, Doja Cat",2,2022,6,3,5281,14,609293408.0,94,21,80,15,38.0,101,F,Major,74,43,69,12,0,12,7,2022-06-03,1,high,medium,mid_energy,high_dance,other,5543.0,487435255.90000004,5455,20.22781049782885
Neverita,Bad Bunny,1,2022,5,6,2590,30,671365962.0,20,64,35,6,0.0,122,A#,Major,88,43,50,7,0,14,5,2022-05-06,1,high,fast,mid_energy,high_dance,other,2745.0,537093031.6,2645,20.324824945663632
Vista Al Mar,Quevedo,1,2022,9,8,1769,34,362361576.0,16,19,21,3,4.0,105,Unknown,Minor,76,49,56,80,12,10,13,2022-09-08,1,mid,medium,mid_energy,high_dance,other,1866.0,289889441.09999996,1806,19.708153102781502
Sem Alianï¿½ï¿½a no ,"MC Xenon, Os Gemeos da Putaria",2,2022,12,23,454,4,93587665.0,6,1,21,0,1.0,83,C#,Major,53,40,36,73,0,11,33,2022-12-23,1,low,slow,low_energy,mid_dance,chill_song,487.0,74870177.80000001,481,18.354409159260655
Enemy (with JID) - from the series Arcane League of Legends,"Imagine Dragons, League of Legends, JID, Arcane",4,2021,9,3,6180,7,1223481149.0,122,88,580,21,10.0,77,B,Minor,72,59,76,24,0,42,28,2021-09-03,2,high,slow,high_energy,high_dance,party_song,7008.0,978785537.9000001,6882,20.924966034107968
Revenge,XXXTENTACION,1,2017,8,25,3600,11,1022258230.0,7,0,203,0,2.0,140,B,Minor,75,18,25,78,0,11,26,2017-08-25,6,high,fast,low_energy,high_dance,chill_song,3823.0,817806945.1,3810,20.745279969023027
Bombonzinho - Ao Vivo,"Israel & Rodolffo, Ana Castela",2,2022,11,3,1254,6,263453310.0,26,69,73,2,6.0,158,C#,Major,65,72,95,31,0,92,5,2022-11-03,1,mid,fast,high_energy,mid_dance,other,1436.0,210762774.0,1353,19.38938672239028
LA CANCIï¿½,"J Balvin, Bad Bunny",2,2019,6,28,6398,31,1435127549.0,177,109,305,3,5.0,176,G,Major,75,43,65,15,0,11,32,2019-06-28,4,high,fast,mid_energy,high_dance,other,7028.0,1148102682.1,6880,21.084519567225378
Quï¿½ï¿½ Ago,"Yuridia, Angela Aguilar",2,2022,10,20,660,15,236857112.0,19,59,18,5,52.0,98,B,Major,73,88,57,56,0,5,2,2022-10-20,1,mid,medium,mid_energy,high_dance,other,828.0,189485757.10000002,697,19.282967618548703
Love Again,The Kid Laroi,1,2023,1,27,1283,0,147538971.0,57,4,48,0,0.0,107,B,Minor,66,47,40,72,0,11,3,2023-01-27,0,low,medium,low_energy,mid_dance,chill_song,1392.0,118031305.10000001,1388,18.80960291579415
After Hours,The Weeknd,1,2020,2,19,8084,6,698086140.0,45,115,218,1,221.0,109,F,Minor,66,16,57,10,1,12,3,2020-02-19,3,high,medium,mid_energy,mid_dance,sad_song,8690.0,558469721.0,8347,20.3638530642869
About Damn Time,Lizzo,1,2022,7,15,2332,2,723894473.0,0,0,25,0,0.0,109,A#,Minor,84,72,74,10,0,34,7,2022-07-15,1,high,medium,high_energy,high_dance,party_song,2359.0,579115811.8000001,2357,20.400156185583178
Born With A Beer In My Hand,Morgan Wallen,1,2023,3,3,203,0,34450974.0,5,9,0,0,0.0,148,Unknown,Major,53,61,81,5,0,36,4,2023-03-03,0,low,fast,high_energy,mid_dance,other,217.0,27560799.500000004,208,17.355047856910243
ýýýýýýýýýýýýýýýýýýýýý,Fujii Kaze,1,2020,5,20,685,14,403097450.0,24,94,9,0,23.0,158,F#,Minor,60,52,76,17,0,19,5,2020-05-20,3,mid,fast,high_energy,mid_dance,other,849.0,322478029.9,718,19.81468890457447
Besos Moja2,"Wisin & Yandel, ROSALï¿½",2,2022,9,29,2460,13,309483971.0,53,7,56,3,1.0,94,F,Minor,74,64,73,6,0,10,6,2022-09-29,1,mid,medium,high_energy,high_dance,party_song,2593.0,247587424.10000002,2569,19.550416861995117
Maan Meri Jaan,King,1,2022,10,12,288,6,319566866.0,11,80,1,0,8.0,96,F#,Minor,70,40,51,35,0,10,4,2022-10-12,1,mid,medium,mid_energy,mid_dance,other,394.0,255653522.20000002,300,19.5824770962695
Moscow Mule,Bad Bunny,1,2022,5,6,4572,33,909001996.0,74,113,85,9,2.0,100,F,Minor,80,29,67,29,0,12,3,2022-05-06,1,high,medium,mid_energy,high_dance,sad_song,4888.0,727202057.3000001,4731,20.627857849059033
My Universe,"Coldplay, BTS",2,2021,9,24,6127,13,1061966512.0,0,0,0,0,0.0,105,A,Major,58,42,68,1,0,14,4,2021-09-24,2,high,medium,mid_energy,mid_dance,other,6140.0,849573823.6,6127,20.783388227253948
Devil Donï¿½ï¿½ï¿½,Morgan Wallen,1,2023,3,3,166,0,32526947.0,2,10,0,0,0.0,125,Unknown,Major,53,32,66,38,0,9,3,2023-03-03,0,low,fast,mid_energy,mid_dance,other,178.0,26021574.200000003,168,17.297579472959836
LLYLM,ROSALï¿½,1,2023,1,27,1838,0,124988687.0,105,41,114,1,59.0,170,F#,Minor,56,56,63,13,0,19,27,2023-01-27,0,low,fast,mid_energy,mid_dance,other,2158.0,99991133.4,2057,18.643733795171567
I'm Not Here To Make Friends,"Sam Smith, Calvin Harris, Jessie Reyez",3,2023,1,27,1890,0,103787664.0,86,1,49,0,9.0,115,Unknown,Major,70,84,90,17,0,41,6,2023-01-27,0,low,medium,high_energy,mid_dance,party_song,2035.0,83030320.2,2025,18.457857687337984
TRUSTFALL,P!nk,1,2023,1,27,2098,16,134255790.0,88,24,101,7,451.0,122,G#,Major,64,25,89,0,0,15,9,2023-01-27,0,low,fast,high_energy,mid_dance,sad_song,2785.0,107404843.39999999,2287,18.71525742636333
ANTIFRAGILE,LE SSERAFIM,1,2022,10,17,761,12,301051721.0,23,95,11,0,3.0,105,A#,Minor,88,82,80,8,0,11,8,2022-10-17,1,mid,medium,high_energy,high_dance,party_song,905.0,240841454.1,795,19.522792641838443
Boy's a liar,PinkPantheress,1,2022,11,30,1225,0,156338624.0,27,0,28,13,0.0,133,F,Major,66,74,84,25,0,21,4,2022-11-30,1,low,fast,high_energy,mid_dance,other,1293.0,125071021.7,1280,18.867534885783666
VIBE (feat. Jimin of BTS),"TAEYANG, Jimin",2,2023,1,13,415,2,152850295.0,15,40,21,1,15.0,100,Unknown,Major,79,60,68,7,0,26,4,2023-01-13,0,low,medium,mid_energy,high_dance,other,509.0,122280277.7,451,18.84496954283833
Shirt,SZA,1,2022,10,28,3469,0,309653982.0,71,95,31,0,2.0,120,D#,Minor,82,55,45,15,3,9,10,2022-10-28,1,mid,medium,mid_energy,high_dance,other,3668.0,247723532.50000003,3571,19.550966048175354
Lift Me Up - From Black Panther: Wakanda Forever - Music From and Inspired By,Rihanna,1,2022,10,28,3311,0,297328960.0,129,31,212,1,41.0,177,A,Major,25,17,30,90,0,13,3,2022-10-28,1,mid,fast,low_energy,low_dance,chill_song,3725.0,237863499.1,3652,19.5103496966111
STAR WALKIN' (League of Legends Worlds Anthem),Lil Nas X,1,2022,9,22,2616,0,332506354.0,113,17,208,0,192.0,142,D,Minor,64,31,72,15,0,9,5,2022-09-22,1,mid,fast,high_energy,mid_dance,other,3146.0,266005344.8,2937,19.62216953065949
"Sex, Drugs, Etc.",Beach Weather,1,2016,11,4,3006,16,480507035.0,47,60,87,12,124.0,144,E,Minor,57,47,84,1,1,52,4,2016-11-04,7,high,fast,high_energy,mid_dance,other,3352.0,384405930.20000005,3140,19.99035242934754
Boy With Luv (feat. Halsey),"Halsey, BTS",2,2019,4,12,4260,0,1065580332.0,113,92,259,0,1.0,120,B,Minor,65,80,86,9,0,19,10,2019-04-12,4,high,medium,high_energy,mid_dance,other,4725.0,852464691.6,4632,20.78678540131131
"Hey, Mickey!",Baby Tate,1,2016,9,27,482,0,122763672.0,9,1,12,4,3.0,135,D,Major,92,73,51,55,0,15,6,2016-09-27,7,low,fast,mid_energy,high_dance,other,511.0,98210985.80000001,503,18.625771707437647
Calm Down,Rï¿½ï,1,2022,2,9,4013,10,445763624.0,107,44,750,22,0.0,107,B,Major,81,82,78,38,0,12,4,2022-02-09,1,mid,medium,high_energy,high_dance,party_song,4946.0,356611301.50000006,4870,19.9152993807014
Jhoome Jo Pathaan,"Arijit Singh, Vishal Dadlani, Sukriti Kakar, Vishal-Shekhar, Shekhar Ravjiani, Kumaar",6,2022,12,22,138,4,1365184.0,13,78,2,0,0.0,105,G,Major,82,62,74,10,0,33,7,2022-12-22,1,low,medium,high_energy,high_dance,party_song,235.0,1092161.4,153,14.126800508553213
Escapism. - Sped Up,"RAYE, 070 Shake",2,2022,11,25,1368,0,184308753.0,12,1,11,0,8.0,108,F#,Minor,44,38,77,9,0,9,20,2022-11-25,1,mid,medium,high_energy,mid_dance,other,1400.0,147447139.20000002,1391,19.032122920155544
Space Song,Beach House,1,2015,1,1,17852,4,789753877.0,69,76,335,0,0.0,147,Unknown,Minor,51,62,79,22,13,14,3,2015-01-01,8,high,fast,high_energy,mid_dance,other,18336.0,631804887.2,18256,20.4872319080491
Dreamers [Music from the FIFA World Cup Qatar 2022 Official Soundtrack],"BTS, Jung Kook, FIFA Sound",3,2022,11,20,889,20,323358833.0,11,78,35,0,21.0,115,Unknown,Major,71,34,88,16,0,44,4,2022-11-20,1,mid,medium,high_energy,high_dance,party_song,1054.0,258687157.3,935,19.59427320572491
Te Felicito,"Shakira, Rauw Alejandro",2,2022,4,21,4796,9,606361689.0,124,66,212,13,1.0,174,F,Major,70,57,64,23,0,8,32,2022-04-21,1,high,fast,mid_energy,mid_dance,other,5221.0,485089831.70000005,5132,20.22298721417537
Muï¿½ï¿½,"Steve Aoki, Tini, La Joaqui",3,2023,1,12,658,6,120972253.0,33,7,53,2,0.0,90,A#,Minor,68,83,71,3,0,31,8,2023-01-12,0,low,slow,high_energy,mid_dance,other,759.0,96777868.8,744,18.6110717714813
TV,Billie Eilish,1,2022,7,21,3009,2,338564981.0,68,89,65,0,25.0,141,E,Minor,41,9,25,84,1,14,4,2022-07-21,1,mid,fast,low_energy,mid_dance,chill_song,3258.0,270852285.9,3142,19.640226602350534
I'm Not The Only One,Sam Smith,1,2014,1,1,17492,3,1606986953.0,136,24,1959,0,30.0,82,F,Major,68,50,49,56,0,8,4,2014-01-01,9,high,slow,mid_energy,mid_dance,other,19644.0,1285591311.9,19587,21.1976268054361
Heather,Conan Gray,1,2020,3,20,6170,7,1301799902.0,82,1,231,0,2.0,92,F,Major,47,25,43,62,0,32,3,2020-03-20,3,high,medium,mid_energy,mid_dance,chill_song,6493.0,1041440539.3000001,6483,20.987013684590345
"Besharam Rang (From ""Pathaan"")","Vishal-Shekhar, Shilpa Rao, Caralisa Monteiro, Kumaar, Vishal Dadlani, Shekhar Ravjiani",6,2022,12,12,130,4,140187018.0,21,79,2,0,0.0,116,G#,Minor,77,65,80,6,0,15,4,2022-12-12,1,low,medium,high_energy,high_dance,party_song,236.0,112149627.80000001,153,18.758487939119778
One Kiss (with Dua Lipa),"Calvin Harris, Dua Lipa",2,2017,6,2,27705,10,1897517891.0,537,122,2726,6,0.0,124,A,Minor,79,59,86,4,0,8,11,2017-06-02,6,high,fast,high_energy,high_dance,party_song,31106.0,1518017084.3000002,30968,21.363812496438616
Sugar Rush Ride,TOMORROW X TOGETHER,1,2023,1,27,359,0,107642809.0,12,56,13,0,13.0,125,A#,Minor,71,83,89,1,0,17,9,2023-01-27,0,low,fast,high_energy,high_dance,party_song,453.0,86114283.10000001,384,18.49432898901921
Pink Venom,BLACKPINK,1,2022,8,19,1963,16,551305895.0,57,119,77,1,13.0,90,Unknown,Major,80,71,69,2,0,27,10,2022-08-19,1,high,slow,mid_energy,high_dance,other,2246.0,441044913.90000004,2097,20.12780037822429
WAIT FOR U (feat. Drake & Tems),"Drake, Future, Tems",3,2022,4,27,5491,14,556585270.0,128,84,75,0,35.0,83,C#,Major,46,34,64,31,0,7,34,2022-04-27,1,high,slow,mid_energy,mid_dance,other,5827.0,445268766.5,5694,20.137330944255336
Don't Start Now,Dua Lipa,1,2019,10,31,27119,0,2303033973.0,532,77,1535,3,8.0,124,B,Minor,79,68,79,1,0,10,8,2019-10-31,4,high,fast,high_energy,high_dance,party_song,29274.0,1842429890.3000002,29186,21.557493209738677
After Dark,Mr.Kitty,1,2014,8,8,1776,14,646886885.0,1,9,3,0,0.0,140,G#,Major,58,4,60,7,41,8,3,2014-08-08,9,high,fast,mid_energy,mid_dance,sad_song,1803.0,517509687.0,1780,20.287682008741953
Eu Gosto Assim - Ao Vivo,"Gustavo Mioto, Mari Fernandez",2,2022,9,16,1473,4,222612678.0,27,64,66,1,4.0,154,Unknown,Major,64,61,91,15,0,72,4,2022-09-16,1,mid,fast,high_energy,mid_dance,other,1639.0,178090290.10000002,1566,19.220943953853897
INDUSTRY BABY (feat. Jack Harlow),"Jack Harlow, Lil Nas X",2,2021,7,23,13315,0,1814349763.0,300,47,690,0,0.0,150,D#,Minor,74,89,70,2,0,5,6,2021-07-23,2,high,fast,mid_energy,high_dance,party_song,14352.0,1451481141.9,14305,21.318992983724634
MIDDLE OF THE NIGHT,Elley Duhï¿,1,2020,1,10,4057,8,872137015.0,78,21,240,1,52.0,186,E,Minor,41,9,61,2,0,12,5,2020-01-10,3,high,fast,mid_energy,mid_dance,sad_song,4457.0,697710018.5,4375,20.58645709797024
Atlantis,Seafret,1,2015,4,22,3045,6,571386359.0,43,53,134,1,32.0,166,G#,Minor,40,23,48,5,0,12,3,2015-04-22,8,high,fast,mid_energy,low_dance,sad_song,3314.0,457109392.3000001,3222,20.163576176282465
PUNTO 40,"Baby Rasta, Rauw Alejandro",2,2022,9,22,3006,12,304079786.0,54,32,66,2,0.0,107,Unknown,Major,87,20,83,0,4,31,9,2022-09-22,1,mid,medium,high_energy,high_dance,party_song,3172.0,243264130.6,3126,19.532800682171462
Evoque Prata,"DJ Escobar, MC MENOR SG, MC MENOR HR",3,2022,9,9,852,0,174006928.0,14,1,50,0,0.0,87,G,Major,87,52,52,31,0,28,24,2022-09-09,1,low,slow,mid_energy,high_dance,other,917.0,139205627.6,916,18.974605678225014
How Do I Say Goodbye,Dean Lewis,1,2022,8,5,2163,15,284785823.0,72,97,58,0,154.0,82,G#,Major,40,39,64,21,0,7,7,2022-08-05,1,mid,slow,mid_energy,low_dance,other,2559.0,227828876.20000002,2293,19.467247960982366
Blind,SZA,1,2022,12,9,1484,0,163284000.0,22,51,12,0,0.0,114,A,Minor,46,60,28,91,0,21,4,2022-12-09,1,low,medium,low_energy,mid_dance,chill_song,1569.0,130627348.4,1518,18.911001580085294
Die For You,Joji,1,2022,11,4,1703,0,246390068.0,38,45,36,16,0.0,148,G#,Major,47,15,52,38,13,29,5,2022-11-04,1,mid,fast,mid_energy,mid_dance,sad_song,1838.0,197112224.70000002,1777,19.322426484428277
Doja,Central Cee,1,2022,7,20,4169,44,482257456.0,57,44,183,1,11.0,140,F#,Major,91,97,57,38,0,40,29,2022-07-20,1,high,fast,mid_energy,high_dance,other,4509.0,385806386.09999996,4409,19.993988672564726
Gatita,Bellakath,1,2022,10,3,1054,0,168684524.0,9,0,15,0,1.0,101,G,Major,90,76,81,15,24,33,6,2022-10-03,1,low,medium,high_energy,high_dance,party_song,1079.0,134947724.60000002,1078,18.943540812425436
Rumble,"Skrillex, Flowdan, Fred again..",3,2022,1,17,2849,0,78489819.0,39,45,27,0,1.0,140,C#,Minor,81,6,84,5,23,6,6,2022-01-17,1,low,fast,high_energy,high_dance,party_song,2961.0,62792140.1,2915,18.1784794928146
Niagara Falls (Foot or 2) [with Travis Scott & 21 Savage],"Travis Scott, 21 Savage, Metro Boomin",3,2022,12,2,1602,0,195516622.0,12,22,12,0,2.0,88,G,Minor,49,24,66,19,0,18,29,2022-12-02,1,mid,slow,mid_energy,mid_dance,sad_song,1650.0,156413457.79999998,1626,19.091155961908
Yonaguni,Bad Bunny,1,2021,6,4,9644,28,1260594497.0,120,86,164,4,0.0,180,C#,Major,64,44,65,28,0,14,12,2021-06-04,2,high,fast,mid_energy,mid_dance,other,10046.0,1008476564.8,9928,20.954849270445468
Super Freaky Girl,Nicki Minaj,1,2022,8,12,4827,0,428685680.0,104,17,76,9,2.0,133,D,Major,95,91,89,6,0,31,24,2022-08-12,1,mid,fast,high_energy,high_dance,party_song,5035.0,342949026.7,5007,19.876234530030676
Running Up That Hill (A Deal With God),Kate Bush,1,1985,9,16,21811,0,1024858327.0,117,1,676,3,0.0,108,A#,Minor,63,20,55,72,0,6,6,1985-09-16,38,high,medium,mid_energy,mid_dance,sad_song,22608.0,819888842.7,22604,20.747820223398623
Dream On,Aerosmith,1,1973,1,5,168,0,838586769.0,0,0,5,0,0.0,80,F,Minor,39,24,43,39,0,23,3,1973-01-05,50,high,slow,mid_energy,low_dance,sad_song,173.0,670869432.0,173,20.547228616282666
Limbo,Freddie Dredd,1,2022,8,11,688,0,199386237.0,14,1,17,0,2.0,75,B,Minor,80,46,62,3,6,11,46,2022-08-11,1,mid,slow,mid_energy,high_dance,other,722.0,159509058.4,719,19.110754396059072
Where Are You Now,"Lost Frequencies, Calum Scott",2,2021,7,30,10565,44,972509632.0,238,122,557,17,58.0,121,F#,Minor,67,26,64,52,0,17,10,2021-07-30,2,high,fast,mid_energy,mid_dance,sad_song,11601.0,778008766.5,11360,20.695390538806276
WORTH NOTHING,"Twisted, Oliver Tree",2,2022,9,28,1612,0,213438580.0,34,54,34,0,2.0,140,D,Minor,58,17,62,18,0,20,8,2022-09-28,1,mid,fast,mid_energy,mid_dance,sad_song,1736.0,170751025.2,1680,19.178859672431052
Bad Habits,Ed Sheeran,1,2020,9,3,12755,8,1555511105.0,344,97,945,15,0.0,126,B,Minor,81,59,90,5,0,36,3,2020-09-03,3,high,fast,high_energy,high_dance,party_song,14164.0,1244410160.3,14044,21.1650700141029
KICK BACK,Kenshi Yonezu,1,2022,10,12,574,4,210038833.0,38,101,26,0,0.0,102,C#,Major,58,29,94,0,0,9,11,2022-10-12,1,mid,medium,high_energy,mid_dance,sad_song,743.0,168031124.20000002,638,19.162802995394966
Evergreen (You Didnï¿½ï¿½ï¿½t Deserve Me A,Omar Apollo,1,2022,4,8,2499,0,227918678.0,70,0,49,0,0.0,82,A,Major,70,31,34,60,1,11,4,2022-04-08,1,mid,slow,low_energy,mid_dance,chill_song,2618.0,182335192.3,2618,19.244499452243836
Good Days,SZA,1,2020,12,24,10426,2,826623384.0,133,109,182,1,10.0,121,C#,Minor,46,53,78,23,0,72,6,2020-12-24,3,high,fast,high_energy,mid_dance,other,10863.0,661299750.0000001,10741,20.532859750229687
Levitating (feat. DaBaby),"Dua Lipa, DaBaby",2,2020,3,27,15894,8,1802514301.0,198,13,544,0,60.0,103,F#,Minor,70,92,83,1,0,7,6,2020-03-27,3,high,medium,high_energy,mid_dance,party_song,16717.0,1442013031.0000002,16636,21.31244836162727
Woman,Doja Cat,1,2021,6,25,9424,0,1329090101.0,202,50,463,4,0.0,108,F,Minor,82,88,76,9,0,12,9,2021-06-25,2,high,medium,high_energy,high_dance,party_song,10143.0,1063273023.2,10089,21.007760411219145
Shut up My Moms Calling - (Sped Up),Hotel Ugly,1,2022,9,14,713,7,181831132.0,2,4,6,0,0.0,85,F,Minor,65,36,47,31,0,12,10,2022-09-14,1,low,slow,mid_energy,mid_dance,other,732.0,145464977.6,721,19.018588973671143
Ferrari,"James Hype, Miggy Dela Rosa",2,2022,3,14,7758,28,462791599.0,173,79,175,0,168.0,125,C#,Minor,84,70,69,1,0,5,5,2022-03-14,1,mid,fast,mid_energy,high_dance,other,8381.0,370234057.8000001,8106,19.952787402730138
"You're On Your Own, Kid",Taylor Swift,1,2022,10,21,2537,2,348647203.0,8,18,20,0,1.0,120,D,Major,69,40,39,41,0,13,6,2022-10-21,1,mid,medium,low_energy,mid_dance,other,2586.0,278918016.3,2565,19.66957109209534
"Kesariya (From ""Brahmastra"")","Pritam, Arijit Singh, Amitabh Bhattacharya",3,2022,7,17,292,6,366599607.0,26,98,4,0,0.0,94,Unknown,Major,58,44,57,57,0,10,3,2022-07-17,1,mid,medium,mid_energy,mid_dance,other,426.0,293279715.40000004,322,19.719780824083983
Agudo Mï¿½ï¿½gi,"Styrx, utku INC, Thezth",3,1930,1,1,323,0,90598517.0,4,0,14,0,0.0,130,F#,Minor,65,49,80,22,4,7,5,1930-01-01,93,low,fast,high_energy,mid_dance,other,341.0,72478845.9,341,18.321948413263527
Payphone,"Maroon 5, Wiz Khalifa",2,2012,1,1,14143,4,1479264469.0,56,38,1891,1,0.0,110,E,Major,74,51,74,2,0,29,4,2012-01-01,11,high,medium,high_energy,high_dance,party_song,16133.0,1183412989.9,16090,21.114810821457347
All I Want for Christmas Is You,Mariah Carey,1,1994,10,28,25653,0,1449779435.0,387,132,2094,0,0.0,150,G,Major,34,33,63,16,0,7,4,1994-10-28,29,high,fast,mid_energy,low_dance,other,28266.0,1159826113.3,28134,21.094677268705073
Last Christmas,Wham!,1,1984,1,1,22153,0,1159176109.0,274,111,1302,0,0.0,107,B,Minor,74,88,65,28,0,46,3,1984-01-01,39,high,medium,mid_energy,high_dance,other,23840.0,927343102.5,23729,20.87097533971766
Rockin' Around The Christmas Tree,Brenda Lee,1,1958,1,1,14994,0,769213520.0,191,168,206,0,0.0,140,G#,Major,70,85,41,71,0,45,5,1958-01-01,65,high,fast,mid_energy,mid_dance,chill_song,15559.0,615372315.4,15391,20.46087914952753
Jingle Bell Rock,Bobby Helms,1,1957,1,1,10326,0,741301563.0,165,99,104,0,0.0,119,D,Major,74,78,37,84,0,6,3,1957-01-01,66,high,medium,low_energy,high_dance,chill_song,10694.0,593042283.0,10595,20.423918069431817
It's Beginning To Look A Lot Like Christmas,Michael Bublï¿,1,2011,10,14,12353,0,807561936.0,35,0,549,0,0.0,93,E,Major,35,38,23,91,0,29,3,2011-10-14,12,high,medium,low_energy,low_dance,chill_song,12937.0,646050784.1,12937,20.509530312286806
Santa Tell Me,Ariana Grande,1,2013,12,13,9408,0,834129063.0,231,106,439,0,0.0,133,G,Major,46,53,63,5,0,30,18,2013-12-13,10,high,fast,mid_energy,mid_dance,other,10184.0,667304191.2,10078,20.541898701347613
It's the Most Wonderful Time of the Year,Andy Williams,1,1963,10,14,8879,0,663832097.0,182,107,160,0,1.0,202,G,Major,24,76,60,77,0,12,4,1963-10-14,60,high,fast,mid_energy,low_dance,other,9329.0,531066565.5,9221,20.31353981100727
Let It Snow! Let It Snow! Let It Snow!,Dean Martin,1,1959,11,16,6512,0,446390129.0,88,1,277,0,0.0,134,C#,Major,45,72,24,91,0,18,4,1959-11-16,64,mid,fast,low_energy,mid_dance,chill_song,6878.0,357112754.40000004,6877,19.916703858571886
Snowman,Sia,1,2017,1,1,5140,0,690104769.0,85,110,500,0,0.0,105,C#,Major,72,33,51,48,0,9,3,2017-01-01,6,high,medium,mid_energy,high_dance,other,5835.0,552084329.2,5725,20.352353984608676
Underneath the Tree,Kelly Clarkson,1,2013,10,25,6596,0,485285717.0,144,99,251,0,0.0,160,G#,Major,51,69,81,0,0,21,5,2013-10-25,10,high,fast,high_energy,mid_dance,other,7090.0,388229233.20000005,6991,20.000248384723356
Feliz Navidad,Josï¿½ï¿½ Felic,1,1970,11,1,3788,0,520034544.0,21,3,10,0,0.0,148,D,Major,50,96,82,47,0,34,4,1970-11-01,53,high,fast,high_energy,mid_dance,other,3822.0,416028014.00000006,3819,20.0694058000255
Holly Jolly Christmas,Michael Bublï¿,1,2011,10,14,7655,0,476244795.0,5,0,291,0,0.0,151,G,Major,65,70,47,87,0,9,4,2011-10-14,12,high,fast,mid_energy,mid_dance,chill_song,7951.0,380996601.5,7951,19.981442557311365
Mistletoe,Justin Bieber,1,2011,1,1,9577,0,629173063.0,195,111,310,0,0.0,162,F#,Minor,67,88,54,51,0,9,4,2011-01-01,12,high,fast,mid_energy,mid_dance,other,10193.0,503339408.1,10082,20.25991691831467
Sleigh Ride,The Ronettes,1,1963,11,22,10114,0,404664135.0,114,74,262,0,0.0,92,D,Major,53,84,77,40,0,32,3,1963-11-22,60,mid,medium,high_energy,mid_dance,other,10564.0,323732319.4,10490,19.818567987189297
Seek & Destroy,SZA,1,2022,12,9,1007,0,98709329.0,5,31,1,0,0.0,152,C#,Major,65,35,65,44,18,21,7,2022-12-09,1,low,fast,mid_energy,mid_dance,other,1044.0,78967563.9,1013,18.40769002881152
Love Language,SZA,1,2022,12,9,1127,0,110849052.0,16,63,8,0,0.0,65,A,Minor,71,55,26,85,0,13,8,2022-12-09,1,low,slow,low_energy,high_dance,chill_song,1214.0,88679354.30000001,1151,18.523679950913873
Happy Xmas (War Is Over),"John Lennon, The Harlem Community Choir, The Plastic Ono Band, Yoko Ono",4,1971,12,1,10829,0,460492795.0,130,1,390,0,0.0,147,D,Major,33,39,61,32,0,77,3,1971-12-01,52,mid,fast,mid_energy,low_dance,other,11350.0,368395318.9,11349,19.947807769671904
Used (feat. Don Toliver),"SZA, Don Toliver",2,2022,12,8,1042,0,94005786.0,7,29,3,0,0.0,150,A#,Minor,73,71,69,53,0,32,9,2022-12-08,1,low,fast,mid_energy,high_dance,other,1081.0,75204733.0,1052,18.35886690216909
A Holly Jolly Christmas - Single Version,Burl Ives,1,1952,1,1,7930,0,395591396.0,108,120,73,0,0.0,140,Unknown,Major,67,81,36,64,0,15,3,1952-01-01,71,mid,fast,low_energy,mid_dance,chill_song,8231.0,316473909.8,8111,19.795892410762516
The Christmas Song (Merry Christmas To You) - Remastered 1999,Nat King Cole,1,1946,11,1,11500,0,389771964.0,140,72,251,0,0.0,139,C#,Major,36,22,15,84,0,11,4,1946-11-01,77,mid,fast,low_energy,low_dance,chill_song,11963.0,311818721.2,11891,19.781072420953056
Wonderful Christmastime - Edited Version / Remastered 2011,Paul McCartney,1,1979,11,16,1685,0,403939487.0,1,0,29,0,0.0,95,B,Major,75,74,58,36,0,9,3,1979-11-16,44,mid,medium,mid_energy,high_dance,other,1715.0,323151758.1,1715,19.816775642528736
Do They Know It's Christmas? - 1984 Version,Band Aid,1,1984,11,25,14169,0,481697415.0,209,30,449,0,0.0,115,Unknown,Major,60,23,57,0,2,27,3,1984-11-25,39,high,medium,mid_energy,mid_dance,sad_song,14857.0,385359348.9,14827,19.992826707251414
Ghost in the Machine (feat. Phoebe Bridgers),"SZA, Phoebe Bridgers",2,2022,12,9,1634,0,110073250.0,16,20,4,0,0.0,125,F#,Major,62,59,43,84,3,11,5,2022-12-09,1,low,fast,mid_energy,mid_dance,chill_song,1674.0,88058763.4,1654,18.51665662031338
Special,SZA,1,2022,12,9,906,0,88092256.0,6,21,3,0,0.0,76,Unknown,Major,60,19,20,78,0,11,5,2022-12-09,1,low,slow,low_energy,mid_dance,chill_song,936.0,70473895.39999999,915,18.293895198281195
Merry Christmas Everyone,Shakin' Stevens,1,1984,1,1,1087,0,351636786.0,90,35,5,0,0.0,101,C#,Minor,72,91,87,14,0,13,3,1984-01-01,39,mid,medium,high_energy,high_dance,party_song,1217.0,281309537.5,1182,19.67810934571975
Let It Snow! Let It Snow! Let It Snow!,"Frank Sinatra, B. Swanson Quartet",2,1950,1,1,10585,0,473248298.0,126,108,406,0,0.0,143,D,Major,60,86,32,88,0,34,6,1950-01-01,73,high,fast,low_energy,mid_dance,chill_song,11225.0,378599696.90000004,11117,19.975130753752477
SOS,SZA,1,2022,12,9,827,0,73981293.0,6,18,1,0,0.0,119,G,Minor,51,51,66,67,0,9,23,2022-12-09,1,low,medium,mid_energy,mid_dance,other,852.0,59185117.10000001,834,18.119322835429454
Open Arms (feat. Travis Scott),"SZA, Travis Scott",2,2022,12,8,1420,4,155653938.0,13,87,17,0,46.0,78,A,Major,67,22,59,76,1,15,16,2022-12-08,1,low,slow,mid_energy,mid_dance,sad_song,1587.0,124523292.80000001,1450,18.863145761309706
White Christmas,"Bing Crosby, John Scott Trotter & His Orchestra, Ken Darby Singers",3,1942,1,1,11940,0,395591396.0,73,79,123,0,0.0,96,A,Major,23,19,25,91,0,40,3,1942-01-01,81,mid,medium,low_energy,low_dance,chill_song,12215.0,316474310.8,12136,19.795892410762516
Driving Home for Christmas - 2019 Remaster,Chris Rea,1,1986,1,1,888,0,429504768.0,50,0,6,0,0.0,180,A,Major,51,87,58,36,0,18,4,1986-01-01,37,mid,fast,mid_energy,mid_dance,other,944.0,343603903.20000005,944,19.878143402935788
Christmas (Baby Please Come Home),Darlene Love,1,1963,11,22,9122,0,242767149.0,121,58,212,0,0.0,126,D#,Major,34,35,76,39,0,8,5,1963-11-22,60,mid,fast,high_energy,low_dance,other,9513.0,194214631.4,9455,19.307613311455853
Gone Girl,SZA,1,2022,12,9,892,0,65362788.0,3,17,2,0,0.0,150,F,Major,43,42,44,57,0,15,6,2022-12-09,1,low,fast,mid_energy,mid_dance,other,914.0,52290319.60000001,897,17.995463678964253
F2F,SZA,1,2022,12,9,989,0,67540165.0,5,9,1,0,0.0,90,D,Major,53,47,74,9,0,34,4,2022-12-09,1,low,slow,high_energy,mid_dance,other,1004.0,54032230.9,995,18.02823303072146
Notice Me,SZA,1,2022,12,9,819,0,62019074.0,14,22,0,0,0.0,160,F,Major,72,78,68,28,0,11,12,2022-12-09,1,low,fast,mid_energy,high_dance,other,855.0,49615341.1,833,17.94295255698166
Merry Christmas,"Ed Sheeran, Elton John",2,2017,11,10,2209,0,135723538.0,72,90,141,0,0.0,114,Unknown,Major,59,60,94,24,0,10,4,2017-11-10,6,low,medium,high_energy,mid_dance,other,2512.0,108579051.30000001,2422,18.726130573284518
It's Beginning to Look a Lot Like Christmas (with Mitchell Ayres & His Orchestra),"Perry Como, The Fontane Sisters, Mitchell Ayres & His Orchestra",3,1958,1,1,6290,0,295998468.0,89,39,158,0,0.0,113,G,Major,73,72,32,77,0,15,5,1958-01-01,65,mid,medium,low_energy,high_dance,chill_song,6576.0,236799403.4,6537,19.50586483997766
My Only Wish (This Year),Britney Spears,1,2000,11,7,6952,0,261116938.0,115,53,286,0,0.0,147,Unknown,Major,67,69,72,17,0,19,3,2000-11-07,23,mid,fast,high_energy,mid_dance,other,7406.0,208894245.6,7353,19.38047890709165
Antidepresan,"Mabel Matiz, Mert Demir",2,2022,11,4,313,2,136689549.0,10,6,7,1,9.0,100,B,Minor,70,92,59,3,0,10,3,2022-11-04,1,low,medium,mid_energy,mid_dance,other,348.0,109351670.7,330,18.73322285400256
Wild Flower (with youjeen),RM,1,2022,12,2,353,2,135611421.0,2,74,14,0,2.0,155,G#,Major,49,42,77,3,0,12,9,2022-12-02,1,low,fast,high_energy,mid_dance,other,447.0,108489172.30000001,369,18.725304162961514
I Hate U,SZA,1,2021,12,3,4094,0,356709897.0,66,96,43,0,0.0,107,G,Minor,54,41,39,51,0,11,16,2021-12-03,2,mid,medium,low_energy,mid_dance,other,4299.0,285368327.0,4203,19.69243339875265
Raindrops (Insane) [with Travis Scott],"Travis Scott, Metro Boomin",2,2022,12,2,880,0,110649992.0,3,7,10,0,0.0,112,G#,Major,80,15,54,9,0,38,5,2022-12-02,1,low,medium,mid_energy,high_dance,sad_song,900.0,88520081.60000001,893,18.52188256119879
SPIT IN MY FACE!,ThxSoMch,1,2022,10,31,573,0,301869854.0,1,0,18,0,24.0,166,C#,Major,70,57,57,9,20,11,7,2022-10-31,1,mid,fast,mid_energy,mid_dance,other,616.0,241495940.50000003,592,19.52550653874761
Deck The Hall - Remastered 1999,Nat King Cole,1,1959,1,1,3299,0,127027715.0,65,39,41,0,0.0,107,F#,Minor,69,96,36,81,0,8,4,1959-01-01,64,low,medium,low_energy,mid_dance,chill_song,3444.0,101622501.9,3405,18.65991585683328
Smoking on my Ex Pack,SZA,1,2022,12,9,811,0,57144458.0,6,11,3,0,0.0,81,G#,Major,47,33,68,24,0,22,38,2022-12-09,1,low,slow,mid_energy,mid_dance,other,831.0,45715647.50000001,820,17.86109298812404
Conceited,SZA,1,2022,12,9,899,0,56870689.0,2,14,2,0,0.0,150,C#,Major,79,77,46,5,0,11,7,2022-12-09,1,low,fast,mid_energy,high_dance,other,917.0,45496641.1,903,17.856290652144143
Snow On The Beach (feat. Lana Del Rey),"Taylor Swift, Lana Del Rey",2,2022,10,21,2415,0,323437194.0,33,57,30,0,11.0,110,A,Major,66,19,32,69,0,12,4,2022-10-21,1,mid,medium,low_energy,mid_dance,chill_song,2546.0,258749996.70000002,2478,19.59451551086245
Maroon,Taylor Swift,1,2022,10,21,2304,0,317726339.0,12,16,14,0,0.0,108,G,Major,64,4,40,6,0,10,6,2022-10-21,1,mid,medium,low_energy,mid_dance,sad_song,2346.0,254181301.60000002,2330,19.576701004207187
Tubarï¿½ï¿½o Te,"Dj LK da Escï¿½ï¿½cia, Tchakabum, mc jhenny, M",4,2022,9,28,1003,0,116144341.0,21,0,44,0,0.0,130,E,Minor,89,48,74,30,0,7,36,2022-09-28,1,low,fast,high_energy,high_dance,party_song,1068.0,92915573.10000001,1068,18.570344303122894
Bejeweled,Taylor Swift,1,2022,10,21,2699,0,328207708.0,39,35,22,2,0.0,164,G,Major,70,39,56,6,0,9,7,2022-10-21,1,mid,fast,mid_energy,mid_dance,other,2797.0,262566436.3,2760,19.609157225070796
Tarot,"Bad Bunny, Jhay Cortez",2,2022,5,6,2482,20,608228647.0,27,77,22,2,0.0,114,B,Minor,80,42,68,2,0,66,4,2022-05-06,1,high,medium,mid_energy,high_dance,other,2630.0,486583167.8,2531,20.2260614350249
You Make It Feel Like Christmas (feat. Blake Shelton),"Gwen Stefani, Blake Shelton",2,2005,9,20,2577,0,180577478.0,108,56,30,0,0.0,93,F,Major,63,93,88,1,0,12,4,2005-09-20,18,low,medium,high_energy,mid_dance,other,2771.0,144462240.1,2715,19.011670490174666
Desesperados,"Chencho Corleone, Rauw Alejandro",2,2021,6,25,6821,34,809306935.0,83,58,128,7,0.0,90,C#,Minor,87,51,69,36,0,9,8,2021-06-25,2,high,slow,mid_energy,high_dance,other,7131.0,647446233.5,7032,20.51168880479866
Too Late,SZA,1,2022,12,8,714,0,49262961.0,0,9,2,0,0.0,128,B,Major,45,35,68,78,0,39,8,2022-12-08,1,low,fast,mid_energy,mid_dance,other,725.0,39410440.2,716,17.712683078771793
Party,"Bad Bunny, Rauw Alejandro",2,2022,5,6,3185,4,614555082.0,38,64,37,3,36.0,97,A,Major,83,47,80,2,0,24,9,2022-05-06,1,high,medium,high_energy,high_dance,party_song,3367.0,491644384.5,3260,20.236409121683728
Run Rudolph Run - Single Version,Chuck Berry,1,1958,1,1,8612,0,245350949.0,120,30,52,0,1.0,152,G,Minor,69,94,71,79,0,7,8,1958-01-01,65,mid,fast,high_energy,mid_dance,other,8815.0,196281620.4,8784,19.318200192512254
Jingle Bells - Remastered 1999,Frank Sinatra,1,1957,1,1,4326,0,178660459.0,32,3,65,0,0.0,175,G#,Major,51,94,34,73,0,10,5,1957-01-01,66,low,fast,low_energy,mid_dance,chill_song,4426.0,142928799.8,4423,19.00099769095759
Far,SZA,1,2022,12,9,680,0,51641685.0,2,15,1,0,0.0,116,D,Major,61,48,55,67,0,16,8,2022-12-09,1,low,medium,mid_energy,mid_dance,other,698.0,41313416.0,683,17.759839772518962
On Time (with John Legend),"John Legend, Metro Boomin",2,2022,12,2,398,0,78139948.0,2,2,6,0,2.0,80,F,Minor,33,51,59,76,0,44,6,2022-12-02,1,low,slow,mid_energy,low_dance,other,410.0,62511998.2,406,18.1740119949163
GATï¿½ï¿½,"Maldy, Karol G",2,2022,8,25,3328,13,322336177.0,39,50,57,3,1.0,93,B,Minor,63,34,86,26,0,21,39,2022-08-25,1,mid,medium,high_energy,mid_dance,other,3491.0,257869275.70000005,3424,19.591105589943194
ýýýabcdefu,Gayle,1,2021,8,13,7215,0,1007612429.0,170,12,575,18,0.0,122,E,Major,70,42,54,30,0,37,5,2021-08-13,2,high,fast,mid_energy,mid_dance,other,7990.0,806090664.7,7960,20.73084943861118
Sacrifice,The Weeknd,1,2022,1,7,4440,0,326792833.0,81,77,133,0,0.0,122,G,Major,70,91,79,3,0,7,10,2022-01-07,1,mid,fast,high_energy,mid_dance,party_song,4731.0,261434710.4,4654,19.604836992925126
Is There Someone Else?,The Weeknd,1,2022,1,7,2881,6,391251368.0,13,89,34,0,3.0,135,A,Minor,70,60,58,4,0,16,3,2022-01-07,1,mid,fast,mid_energy,mid_dance,other,3026.0,313001383.1000001,2928,19.784860798854048
Fingers Crossed,"Lauren Spencer Smith, Lauren Spencer Smith, Lauren Spencer Smith",3,2022,1,5,2235,0,349585590.0,65,7,70,16,6.0,109,F,Major,60,45,47,62,0,31,5,2022-01-05,1,mid,medium,mid_energy,mid_dance,chill_song,2399.0,279668695.5,2370,19.67225898522121
Out of Time,The Weeknd,1,2022,1,7,3711,0,339659802.0,49,88,62,0,0.0,93,Unknown,Minor,65,82,74,27,0,32,5,2022-01-07,1,mid,medium,high_energy,mid_dance,other,3910.0,271728212.70000005,3822,19.643455095248974
Do It To It,"Cherish, ACRAZE",2,2021,8,20,12403,0,674772936.0,183,63,465,0,11.0,125,B,Minor,85,64,81,2,5,7,9,2021-08-20,2,high,fast,high_energy,high_dance,party_song,13125.0,539819589.1,13051,20.32988680261549
We Don't Talk About Bruno,"Adassa, Mauro Castillo, Stephanie Beatriz, Encanto - Cast, Rhenzy Feliz, Diane Guerrero, Carolina Gaitan",7,2021,11,19,2785,0,432719968.0,95,89,44,0,0.0,206,Unknown,Minor,58,83,45,36,0,11,8,2021-11-19,2,mid,fast,mid_energy,mid_dance,other,3013.0,346176252.90000004,2924,19.885601353887584
Pepas,Farruko,1,2021,6,24,14114,17,1309887447.0,252,109,965,20,0.0,130,G,Major,76,44,77,1,0,13,3,2021-06-24,2,high,fast,high_energy,high_dance,party_song,15477.0,1047911370.7,15331,20.993207052911096
How Do I Make You Love Me?,The Weeknd,1,2022,1,7,1915,0,119238316.0,7,47,15,0,0.0,121,G,Minor,80,62,51,2,0,9,8,2022-01-07,1,low,fast,mid_energy,high_dance,other,1984.0,95390844.30000001,1937,18.596634712283393
Gasoline,The Weeknd,1,2022,1,7,2297,0,116903579.0,11,29,14,0,0.0,123,F#,Minor,74,35,73,0,0,21,5,2022-01-07,1,low,fast,high_energy,high_dance,party_song,2351.0,93523092.9,2322,18.576860050438732
Infinity,Jaymes Young,1,2017,6,23,4375,0,888046992.0,24,0,396,0,0.0,122,B,Minor,67,50,67,15,0,30,4,2017-06-23,6,high,fast,mid_energy,mid_dance,other,4795.0,710438031.1,4795,20.604535219601274
Less Than Zero,The Weeknd,1,2022,1,7,2800,0,200660871.0,18,77,61,0,1.0,143,Unknown,Major,53,50,79,0,0,8,3,2022-01-07,1,mid,fast,high_energy,mid_dance,other,2957.0,160528976.8,2879,19.117126837111623
Take My Breath,The Weeknd,1,2021,8,6,2597,0,130655803.0,17,80,38,0,0.0,121,A#,Minor,70,35,77,1,0,26,4,2021-08-06,2,low,fast,high_energy,mid_dance,party_song,2732.0,104524902.10000001,2652,18.688076972977854
good 4 u,Olivia Rodrigo,1,2021,5,14,15563,6,1887039593.0,259,55,461,1,0.0,166,F#,Minor,56,68,66,28,0,11,18,2021-05-14,2,high,fast,mid_energy,mid_dance,other,16345.0,1509633231.3,16283,21.35827508562462
"Here We Goï¿½ï¿½ï¿½ Again (feat. Tyler, the Cr","The Weeknd, Tyler, The Creator",3,2022,1,7,1420,0,88103848.0,7,18,7,0,0.0,135,C#,Major,41,27,64,36,0,60,3,2022-01-07,1,low,fast,mid_energy,mid_dance,sad_song,1452.0,70483220.4,1434,18.294026778941856
Best Friends,The Weeknd,1,2022,1,7,1292,0,101114984.0,3,18,14,0,0.0,87,E,Minor,49,49,59,44,0,35,21,2022-01-07,1,low,slow,mid_energy,mid_dance,other,1327.0,80892116.4,1309,18.431768892591833
Kiss Me More (feat. SZA),"SZA, Doja Cat",2,2021,4,9,15867,0,1575467011.0,382,65,497,0,12.0,111,G#,Major,77,74,66,30,0,13,3,2021-04-09,2,high,medium,mid_energy,high_dance,other,16823.0,1260375195.5,16746,21.177817580827515
I Heard You're Married (feat. Lil Wayne),"The Weeknd, Lil Wayne",2,2022,1,7,1178,0,91656026.0,9,10,9,0,0.0,110,D,Major,75,85,84,10,0,31,19,2022-01-07,1,low,medium,high_energy,high_dance,party_song,1206.0,73324938.6,1196,18.33355329113529
Need To Know,Doja Cat,1,2021,6,11,6672,0,1042568408.0,125,36,150,0,0.0,130,C#,Major,66,19,61,30,0,9,7,2021-06-11,2,high,fast,mid_energy,mid_dance,sad_song,6983.0,834055393.6000001,6947,20.764953129628207
MONTERO (Call Me By Your Name),Lil Nas X,1,2020,9,18,12329,0,1735441776.0,275,19,738,0,0.0,179,G#,Minor,61,76,51,30,0,38,15,2020-09-18,3,high,fast,mid_energy,mid_dance,other,13361.0,1388354653.7000003,13342,21.274527844446375
love nwantiti (ah ah ah),Ckay,1,2019,7,26,5669,2,726837877.0,74,0,262,14,0.0,93,F,Minor,74,53,73,61,0,13,4,2019-07-26,4,high,medium,high_energy,high_dance,party_song,6021.0,581470868.7,6005,20.404214009253774
Dawn FM,The Weeknd,1,2022,1,7,811,0,53933526.0,1,8,6,0,0.0,78,A,Minor,27,10,49,62,0,49,5,2022-01-07,1,low,slow,mid_energy,low_dance,chill_song,826.0,43146901.900000006,818,17.803262864767014
Surface Pressure,Jessica Darrow,1,2021,11,19,1756,0,267758538.0,38,48,20,0,0.0,180,D,Major,65,37,58,2,0,4,31,2021-11-19,2,mid,fast,mid_energy,mid_dance,other,1862.0,214207006.0,1814,19.405596158473614
Starry Eyes,The Weeknd,1,2022,1,7,1014,0,74601456.0,1,17,11,0,0.0,86,A,Minor,28,13,41,50,0,19,3,2022-01-07,1,low,slow,mid_energy,low_dance,sad_song,1043.0,59681266.2,1026,18.127670595814365
THATS WHAT I WANT,Lil Nas X,1,2021,9,17,7963,0,920797189.0,173,7,298,0,4.0,88,C#,Minor,74,55,85,1,0,5,22,2021-09-17,2,high,slow,high_energy,high_dance,party_song,8445.0,736638547.5,8434,20.64075036367311
One Right Now (with The Weeknd),"The Weeknd, Post Malone",2,2021,11,5,4771,0,539595276.0,68,18,75,0,1.0,97,C#,Major,68,72,78,4,0,7,5,2021-11-05,2,high,medium,high_energy,mid_dance,other,4933.0,431676697.90000004,4914,20.10632992947973
Beggin,Mï¿½ï¿½ne,1,2017,12,8,8559,0,1367810478.0,183,64,964,9,75.0,134,B,Minor,71,59,80,13,0,36,5,2017-12-08,6,high,fast,high_energy,high_dance,party_song,9854.0,1094249238.3000002,9706,21.0364771078067
Mon Amour - Remix,"Aitana, zzoilo",2,2020,9,21,3221,2,578207856.0,67,13,139,0,40.0,116,D,Major,75,36,76,12,0,10,10,2020-09-21,3,high,medium,high_energy,high_dance,party_song,3482.0,462566607.1,3427,20.175443976177817
Lo Siento BB:/ (with Bad Bunny & Julieta Venegas),"Julieta Venegas, Bad Bunny, Tainy",3,2021,10,5,3423,26,775542072.0,61,65,53,6,0.0,170,E,Minor,64,14,70,9,0,9,8,2021-10-05,2,high,fast,mid_energy,mid_dance,sad_song,3634.0,620434002.5,3537,20.46907279184941
MONEY,Lisa,1,2021,9,10,2566,13,863625566.0,44,109,131,0,0.0,140,C#,Minor,83,40,55,16,0,14,23,2021-09-10,2,high,fast,mid_energy,high_dance,other,2863.0,690900710.7,2741,20.57664986130797
The Motto,"Tiï¿½ï¿½sto, Ava",2,2021,11,4,9151,6,656013912.0,240,107,268,0,5.0,118,G,Minor,75,46,76,3,0,9,4,2021-11-04,2,high,medium,high_energy,high_dance,party_song,9777.0,524812045.3000001,9659,20.301692555524923
Happier Than Ever,Billie Eilish,1,2021,7,30,8476,0,1056760045.0,138,133,283,0,0.0,65,Unknown,Major,31,31,24,76,0,14,4,2021-07-30,2,high,slow,low_energy,low_dance,chill_song,9030.0,845408883.6,8897,20.778473503871783
Moth To A Flame (with The Weeknd),"The Weeknd, Swedish House Mafia",2,2021,10,22,7495,17,611994237.0,114,172,284,2,0.0,120,Unknown,Minor,56,16,67,0,0,11,4,2021-10-22,2,high,medium,mid_energy,mid_dance,sad_song,8084.0,489596140.8,7893,20.2322334253996
traitor,"Juan Cruz Toledo, Huilen Toledo",2,2021,5,21,5257,6,1230855859.0,85,43,134,0,0.0,176,D#,Major,29,12,33,68,0,12,5,2021-05-21,2,high,fast,low_energy,low_dance,chill_song,5525.0,984685213.5000001,5476,20.93097558549766
Toxic,BoyWithUke,1,2021,9,10,1795,0,582981380.0,34,23,118,0,0.0,180,G#,Minor,59,69,61,84,0,46,36,2021-09-10,2,high,fast,mid_energy,mid_dance,other,1970.0,466385283.5,1947,20.183665807269623
drivers license,Olivia Rodrigo,1,2021,1,8,12685,3,1858144199.0,185,61,485,0,0.0,144,A#,Major,59,21,43,76,0,10,7,2021-01-08,2,high,fast,mid_energy,mid_dance,chill_song,13419.0,1486516628.0,13355,21.342844084660225
Malvadï¿½ï¿,"Xamï¿½ï¿½, Gustah, Neo B",3,2021,11,30,648,1,240684449.0,14,3,81,0,0.0,133,F#,Minor,82,52,61,38,0,14,27,2021-11-30,2,mid,fast,mid_energy,high_dance,other,747.0,192547624.10000002,743,19.298997297425874
All Too Well (10 Minute Version) (Taylor's Version) (From The Vault),Taylor Swift,1,2021,11,12,4635,5,583687007.0,50,49,30,1,2.0,93,Unknown,Major,63,21,52,28,0,9,3,2021-11-12,2,high,medium,mid_energy,mid_dance,sad_song,4772.0,466950069.6,4715,20.184875451917055
Donï¿½ï¿½ï¿½t Break My,The Weeknd,1,2022,1,7,1184,0,63803529.0,1,5,6,0,0.0,122,A#,Major,77,25,62,34,0,23,3,2022-01-07,1,low,fast,mid_energy,high_dance,sad_song,1196.0,51042941.6,1191,17.971319075938023
Oh My God,Adele,1,2021,11,19,4431,0,466214729.0,105,7,199,0,0.0,88,C#,Major,53,55,73,9,0,3,5,2021-11-19,2,mid,slow,high_energy,mid_dance,other,4742.0,372972226.3000001,4735,19.960156879948386
Entre Nosotros (Remix) [con Nicki Nicole],"Lit Killah, Maria Becerra, Tiago pzk, NICKI NICOLE",4,2022,1,5,759,3,236940480.0,32,0,12,0,0.0,170,F,Minor,70,61,44,40,0,37,4,2022-01-05,1,mid,fast,mid_energy,mid_dance,other,806.0,189552460.20000002,803,19.283319532538627
A Tale By Quincy,The Weeknd,1,2022,1,7,733,0,41924466.0,0,2,2,0,0.0,94,F,Minor,46,55,50,71,0,10,11,2022-01-07,1,low,medium,mid_energy,mid_dance,chill_song,737.0,33539646.1,735,17.55138015241444
I AM WOMAN,Emmy Meli,1,2021,11,18,2795,0,225259194.0,45,0,107,0,0.0,170,A#,Major,65,46,47,12,0,13,16,2021-11-18,2,mid,fast,mid_energy,mid_dance,other,2947.0,180207634.70000002,2947,19.23276227492921
Medallo,"Justin Quiles, Lenny Tavï¿½ï¿½rez, BL",3,2021,10,27,2780,2,393230256.0,54,21,57,1,0.0,90,E,Minor,79,79,70,57,0,66,8,2021-10-27,2,mid,slow,mid_energy,high_dance,party_song,2915.0,314584483.0,2891,19.789905893937977
It'll Be Okay,Shawn Mendes,1,2021,12,1,1950,0,287201015.0,56,8,104,0,10.0,78,G,Major,40,7,29,62,0,9,3,2021-12-01,2,mid,slow,low_energy,low_dance,chill_song,2128.0,229761007.0,2110,19.475692932736543
Softcore,The Neighbourhood,1,2018,3,9,3947,12,599770206.0,33,102,93,0,30.0,94,D,Major,57,36,58,5,0,15,3,2018-03-09,5,high,medium,mid_energy,mid_dance,other,4217.0,479816560.7,4073,20.212057151488324
Super Gremlin,Kodak Black,1,2021,10,30,2551,0,342779426.0,52,15,35,0,1.0,73,D,Major,83,11,41,0,0,36,14,2021-10-30,2,mid,slow,mid_energy,high_dance,sad_song,2654.0,274223795.90000004,2638,19.65259772830119
Volvï¿,"Aventura, Bad Bunny",2,2021,8,3,5375,10,673801126.0,138,24,133,0,1.0,176,C#,Major,73,79,86,42,0,7,18,2021-08-03,2,high,fast,high_energy,high_dance,party_song,5681.0,539041439.3000001,5646,20.328445561538473
Todo De Ti,Rauw Alejandro,1,2020,11,2,11975,8,1168642797.0,188,75,268,6,16.0,128,D#,Minor,81,57,63,40,1,10,4,2020-11-02,3,high,fast,mid_energy,high_dance,other,12536.0,934915435.9,12431,20.879108910723936
Love Nwantiti - Remix,"Ckay, AX'EL, Dj Yo!",3,2019,8,30,2696,0,540539717.0,42,2,57,0,0.0,120,G#,Major,58,44,60,44,9,5,6,2019-08-30,4,high,medium,mid_energy,mid_dance,other,2797.0,432432043.20000005,2795,20.10807867615502
Smokin Out The Window,"Bruno Mars, Anderson .Paak, Silk Sonic",3,2021,11,5,4963,0,383550148.0,63,40,76,0,0.0,82,D,Major,63,85,62,6,0,35,4,2021-11-05,2,mid,slow,mid_energy,mid_dance,other,5142.0,306840614.70000005,5102,19.764980936845582
Meet Me At Our Spot,"THE ANXIETY, Willow, Tyler Cole",3,2020,3,13,6734,0,530511203.0,47,14,90,0,1.0,95,D,Major,77,40,47,2,0,9,3,2020-03-13,3,high,medium,mid_energy,high_dance,other,6886.0,424409635.8,6871,20.089351635493692
Every Angel is Terrifying,The Weeknd,1,2022,1,7,715,0,37307967.0,0,1,2,0,0.0,118,Unknown,Major,44,52,94,11,0,4,29,2022-01-07,1,low,medium,high_energy,mid_dance,other,718.0,29846445.1,717,17.43471748110364
Tacones Rojos,Sebastian Yatra,1,2021,10,22,3047,9,510876816.0,77,31,85,5,28.0,123,B,Minor,75,93,86,8,0,14,3,2021-10-22,2,high,fast,high_energy,high_dance,party_song,3282.0,408701758.4,3209,20.051639056485406
Peaches (feat. Daniel Caesar & Giveon),"Justin Bieber, Daniel Caesar, Giveon",3,2021,3,19,14140,0,1445941661.0,231,52,612,6,0.0,90,Unknown,Major,63,49,68,38,0,42,18,2021-03-19,2,high,slow,mid_energy,mid_dance,other,15041.0,1156754742.8,14983,21.092026615470786
Dakiti,"Bad Bunny, Jhay Cortez",2,2020,10,30,11215,21,1763363713.0,189,166,525,9,25.0,110,E,Minor,73,14,57,40,0,11,5,2020-10-30,3,high,medium,mid_energy,high_dance,sad_song,12150.0,1410692094.0,11929,21.290489023111622
"Tiago PZK: Bzrp Music Sessions, Vol. 48","Bizarrap, Tiago pzk",2,2021,12,29,1678,12,374191487.0,20,4,15,1,3.0,96,C#,Minor,66,76,82,47,0,10,32,2021-12-29,2,mid,medium,high_energy,mid_dance,other,1733.0,299353358.6,1713,19.740278224351528
Lï¿½ï¿½ï¿,Stromae,1,2022,1,9,2035,0,108809090.0,41,122,394,0,2.0,88,D,Minor,56,58,55,35,0,23,11,2022-01-09,1,low,slow,mid_energy,mid_dance,other,2594.0,87047475.5,2470,18.50510544588072
Nostï¿½ï¿½l,"Chris Brown, Rvssian, Rauw Alejandro",3,2021,9,8,2780,2,436695353.0,86,76,59,0,16.0,98,A,Minor,73,60,85,17,0,24,5,2021-09-08,2,mid,medium,high_energy,high_dance,party_song,3019.0,349356560.6,2925,19.89474637951667
Better Days (NEIKED x Mae Muller x Polo G),"NEIKED, Mae Muller, Polo G",3,2021,9,24,4091,0,421040617.0,105,2,73,13,1.0,110,Unknown,Minor,72,67,68,0,0,14,4,2021-09-24,2,mid,medium,mid_energy,high_dance,other,4285.0,336832902.70000005,4269,19.858239866802755
Life Goes On,Oliver Tree,1,2020,7,17,2868,0,501541661.0,43,15,116,0,0.0,80,Unknown,Major,70,57,49,19,0,12,8,2020-07-17,3,high,slow,mid_energy,mid_dance,other,3042.0,401233615.6,3027,20.033197236691418
Sad Girlz Luv Money Remix (feat. Kali Uchis),"Kali Uchis, Amaarae, Moliy",3,2021,9,16,3643,0,354065229.0,69,3,70,0,3.0,110,C#,Minor,86,31,53,43,0,11,6,2021-09-16,2,mid,medium,mid_energy,high_dance,other,3788.0,283252547.5,3782,19.684991719659962
Butter,BTS,1,2021,5,21,4779,6,1143647827.0,180,135,223,0,5.0,110,G#,Major,79,70,36,0,0,6,11,2021-05-21,2,high,medium,low_energy,high_dance,other,5328.0,914918740.1,5182,20.857488839853396
pushin P (feat. Young Thug),"Young Thug, Future, Gunna",3,2022,1,7,3517,0,311395144.0,54,28,43,0,0.0,78,C#,Minor,77,49,42,1,1,13,19,2022-01-07,1,mid,slow,mid_energy,high_dance,other,3642.0,249116466.9,3614,19.556573226362737
You Right,"Doja Cat, The Weeknd",2,2021,6,24,5073,0,672656250.0,83,9,100,0,4.0,129,G#,Major,83,44,62,2,0,8,6,2021-06-24,2,high,fast,mid_energy,high_dance,other,5269.0,538125507.3,5256,20.326744985947123
deja vu,Olivia Rodrigo,1,2021,4,1,7545,4,1256880657.0,117,39,141,0,46.0,181,A,Major,44,22,60,61,0,42,9,2021-04-01,2,high,fast,mid_energy,mid_dance,sad_song,7892.0,1005505280.5,7803,20.951898820122032
Dynamite,BTS,1,2020,8,21,8528,5,1692897992.0,239,163,583,0,0.0,114,F#,Minor,75,74,77,1,0,9,10,2020-08-21,3,high,medium,high_energy,high_dance,party_song,9518.0,1354319246.9,9350,21.24970768606717
TO THE MOON,Jnr Choi,1,2021,11,5,2979,0,245095641.0,44,0,159,0,0.0,144,D,Major,74,39,65,5,1,11,35,2021-11-05,2,mid,fast,mid_energy,high_dance,other,3182.0,196076810.70000002,3182,19.31715906784251
Lost in the Fire,"The Weeknd, Gesaffelstein",2,2019,1,11,7731,2,686734357.0,110,145,447,0,46.0,101,D,Major,66,18,68,9,0,12,4,2019-01-11,4,high,medium,mid_energy,mid_dance,sad_song,8481.0,549388258.9000001,8288,20.347458105832793
Salimo de Noche,"Trueno, Tiago pzk",2,2021,10,21,1057,0,261414174.0,17,5,21,0,0.0,84,D,Major,67,78,63,29,0,12,5,2021-10-21,2,mid,slow,mid_energy,mid_dance,other,1100.0,209131444.9,1095,19.381616584922103
Volando - Remix,"Sech, Bad Bunny, Mora",3,2021,7,8,3272,19,610045621.0,101,34,70,1,2.0,154,F#,Major,66,63,69,21,0,11,7,2021-07-08,2,high,fast,mid_energy,mid_dance,other,3499.0,488036825.9,3443,20.22904430249892
Leave The Door Open,"Bruno Mars, Anderson .Paak, Silk Sonic",3,2021,3,5,14417,0,1115880852.0,237,123,569,0,10.0,148,F,Major,59,72,62,18,0,9,3,2021-03-05,2,high,fast,mid_energy,mid_dance,other,15356.0,892706123.3000001,15223,20.832909932661202
Knife Talk (with 21 Savage ft. Project Pat),"Drake, Project Pat, 21 Savage",3,2021,9,3,5199,0,594482982.0,45,43,45,0,3.0,146,F,Minor,85,22,37,13,0,7,30,2021-09-03,2,high,fast,low_energy,high_dance,sad_song,5335.0,475586905.5,5289,20.203202649631606
Don't Be Shy,"Tiï¿½ï¿½sto, Kar",2,2021,8,1,6026,0,566954746.0,171,51,187,1,21.0,120,B,Minor,77,51,79,20,0,26,6,2021-08-01,2,high,medium,high_energy,high_dance,party_song,6457.0,453564399.40000004,6384,20.155790047219458
LA FAMA (with The Weeknd),"The Weeknd, ROSALï¿½",2,2021,11,11,4640,3,374706940.0,81,93,507,6,4.0,136,Unknown,Minor,77,82,30,95,0,13,5,2021-11-11,2,mid,fast,low_energy,high_dance,chill_song,5334.0,299766016.3,5228,19.741654787745002
The Family Madrigal,"Olga Merediz, Stephanie Beatriz, Encanto - Cast",3,2021,11,19,1150,0,184937148.0,20,38,12,0,0.0,141,C#,Major,59,56,63,12,0,6,36,2021-11-19,2,mid,fast,mid_energy,mid_dance,other,1220.0,147949833.4,1182,19.035526590184407
Phantom Regret by Jim,The Weeknd,1,2022,1,7,768,0,31959571.0,1,1,3,0,0.0,108,A,Minor,46,23,48,75,30,14,4,2022-01-07,1,low,medium,mid_energy,mid_dance,chill_song,773.0,25567733.6,772,17.279982287033004
Dos Oruguitas,Sebastian Yatra,1,2021,11,19,925,0,167076418.0,24,47,74,0,0.0,94,Unknown,Major,42,47,36,76,0,9,5,2021-11-19,2,low,medium,low_energy,mid_dance,chill_song,1070.0,133661226.9,1023,18.93396186451702
Freaks,Surf Curse,1,2015,5,10,3006,3,824420218.0,23,21,121,0,13.0,180,A,Major,35,41,94,0,63,5,5,2015-05-10,8,high,fast,high_energy,low_dance,other,3187.0,659536475.3000001,3150,20.5301909323955
Acapulco,Jason Derulo,1,2021,9,1,3098,0,363467642.0,111,5,182,1,0.0,122,A#,Major,77,51,79,5,0,16,5,2021-09-01,2,mid,fast,high_energy,high_dance,party_song,3397.0,290774423.40000004,3391,19.71120083584509
Daddy Issues,The Neighbourhood,1,2015,10,30,9771,4,1127468248.0,42,70,384,0,3.0,85,A#,Major,59,33,52,7,15,12,3,2015-10-30,8,high,slow,mid_energy,mid_dance,other,10274.0,901975575.9000001,10197,20.843240468412443
thought i was playing,"21 Savage, Gunna",2,2022,1,7,807,0,60680939.0,3,0,5,0,0.0,148,C#,Major,68,29,73,0,0,7,7,2022-01-07,1,low,fast,high_energy,mid_dance,sad_song,815.0,48544831.900000006,815,17.921140203425477
ELEVEN,IVE,1,2021,12,1,521,1,247737946.0,17,89,11,0,0.0,120,A,Major,83,59,73,6,0,5,11,2021-12-01,2,mid,medium,high_energy,high_dance,party_song,639.0,198190409.0,549,19.32788208014229
Mood (feat. Iann Dior),"24kgoldn, Iann Dior",2,2020,7,24,12854,0,1699402402.0,237,27,636,0,0.0,91,G,Minor,70,76,72,22,0,27,4,2020-07-24,3,high,medium,high_energy,mid_dance,party_song,13754.0,1359523207.0000002,13727,21.253542498561195
What Else Can I Do?,"Stephanie Beatriz, Diane Guerrero",2,2021,11,19,802,0,154797871.0,13,27,8,0,0.0,120,E,Major,72,54,71,26,0,10,4,2021-11-19,2,low,medium,high_energy,high_dance,party_song,850.0,123838377.00000001,823,18.857630772255387
DANCE CRIP,Trueno,1,2021,11,17,731,0,198883004.0,14,14,24,0,4.0,106,Unknown,Major,86,86,79,11,0,8,9,2021-11-17,2,mid,medium,high_energy,high_dance,party_song,787.0,159106476.3,769,19.108227295226364
Miserable Man,David Kushner,1,2022,1,7,788,0,124407432.0,13,0,32,1,0.0,110,A#,Major,63,31,35,93,0,29,3,2022-01-07,1,low,medium,low_energy,mid_dance,chill_song,834.0,99526024.4,833,18.639072487288203
happier,Olivia Rodrigo,1,2021,5,21,3069,4,850608354.0,25,46,105,0,45.0,169,F#,Major,39,36,45,81,0,8,13,2021-05-21,2,high,fast,mid_energy,low_dance,chill_song,3294.0,680486990.5,3199,20.561462363213817
Praise God,Kanye West,1,2021,8,29,4651,0,376333030.0,24,6,105,0,0.0,118,C#,Major,80,21,55,1,0,26,17,2021-08-29,2,mid,medium,mid_energy,high_dance,sad_song,4786.0,301066889.1,4780,19.745985030079694
Get Into It (Yuh),Doja Cat,1,2021,6,25,4999,0,516784627.0,43,19,73,12,0.0,92,G#,Minor,91,79,66,32,0,9,16,2021-06-25,2,high,medium,mid_energy,high_dance,other,5146.0,413428201.5,5115,20.063136765408245
Before You Go,Lewis Capaldi,1,2019,11,1,8327,24,1608045237.0,205,130,625,0,25.0,112,D#,Major,45,19,60,63,0,9,6,2019-11-01,4,high,medium,mid_energy,mid_dance,sad_song,9336.0,1286437024.7000003,9157,21.198285140392034
Sky,Playboi Carti,1,2020,12,25,3297,3,506778838.0,25,3,52,0,1.0,140,D,Major,79,56,91,26,0,13,21,2020-12-25,3,high,fast,high_energy,high_dance,party_song,3381.0,405423400.40000004,3374,20.043585251395882
Rolling in the Deep,Adele,1,2010,11,29,35684,6,1472799873.0,195,125,6280,2,78.0,105,G#,Major,73,52,76,13,0,5,3,2010-11-29,13,high,medium,high_energy,high_dance,party_song,42370.0,1178243467.4,42159,21.11043110233181
Sobrio,Maluma,1,2021,7,8,3506,10,513643924.0,103,76,100,1,1.0,178,F,Major,76,63,77,14,0,15,22,2021-07-08,2,high,fast,high_energy,high_dance,party_song,3797.0,410915490.8000001,3709,20.05704083043697
Peru,"Ed Sheeran, Fireboy DML",2,2021,12,23,2999,0,261286503.0,60,17,154,0,22.0,108,G,Minor,96,71,42,57,0,8,9,2021-12-23,2,mid,medium,mid_energy,high_dance,other,3252.0,209029502.3,3213,19.38112807971188
favorite crime,Olivia Rodrigo,1,2021,5,21,3681,0,783706581.0,20,21,99,0,7.0,173,A,Major,40,19,29,86,0,34,4,2021-05-21,2,high,fast,low_energy,low_dance,chill_song,3828.0,626965632.9000001,3800,20.479545250609746
Thunder,"Prezioso, Gabry Ponte, LUM!X",3,2021,5,7,4846,10,422691058.0,54,16,259,0,13.0,101,C#,Major,67,40,90,3,0,34,6,2021-05-07,2,mid,medium,high_energy,mid_dance,other,5198.0,338153332.00000006,5159,19.862152113195968
The Business,Tiï¿½ï¿,1,2020,1,1,14311,0,1062345656.0,255,32,582,0,14.0,120,G#,Minor,80,24,62,41,2,11,23,2020-01-01,3,high,medium,mid_energy,high_dance,sad_song,15194.0,849877955.9000001,15148,20.78374518421101
positions,Ariana Grande,1,2020,10,23,8207,0,1252563873.0,175,55,95,0,2.0,144,Unknown,Major,73,66,80,44,0,9,12,2020-10-23,3,high,fast,high_energy,high_dance,party_song,8534.0,1002051919.1000001,8477,20.94845838682857
I WANNA BE YOUR SLAVE,Mï¿½ï¿½ne,1,2021,3,19,4873,0,851070493.0,65,88,434,3,13.0,133,C#,Major,75,96,61,0,0,18,4,2021-03-19,2,high,fast,mid_energy,high_dance,other,5476.0,680856881.7,5372,20.56200551976963
Vai Lï¿½ï¿½ Em Casa ,"Marï¿½ï¿½lia Mendonï¿½ï¿½a, George Henrique &",2,2021,10,22,772,0,263894529.0,7,3,89,0,0.0,158,G#,Minor,46,62,83,53,0,97,28,2021-10-22,2,mid,fast,high_energy,mid_dance,other,871.0,211115700.4,868,19.39106007371042
The Feels,TWICE,1,2021,10,1,1150,0,345903614.0,20,99,44,0,2.0,120,A,Major,81,92,90,9,0,8,7,2021-10-01,2,mid,medium,high_energy,high_dance,party_song,1315.0,276723006.2,1214,19.661670724850183
HEARTBREAK ANNIVERSARY,Giveon,1,2020,2,21,5398,4,951637566.0,111,127,210,0,37.0,129,Unknown,Major,61,59,46,56,0,13,5,2020-02-21,3,high,fast,mid_energy,mid_dance,other,5887.0,761310593.0,5719,20.673694813335583
No Lie,"Sean Paul, Dua Lipa",2,2016,11,18,7370,0,956865266.0,92,127,1219,0,62.0,102,G,Major,74,45,89,5,0,26,13,2016-11-18,7,high,medium,high_energy,high_dance,party_song,8870.0,765492949.8000001,8681,20.679173152671975
OUT OUT (feat. Charli XCX & Saweetie),"Charli XCX, Jax Jones, Joel Corry, Saweetie",4,2021,8,13,6890,0,427486004.0,122,11,201,0,1.0,124,G#,Minor,79,79,84,2,0,5,5,2021-08-13,2,mid,fast,high_energy,high_dance,party_song,7225.0,341989492.20000005,7213,19.873432108963122
Pope Is a Rockstar,SALES,1,2016,4,20,1966,0,156658366.0,4,2,50,0,0.0,90,E,Minor,73,31,45,85,24,11,3,2016-04-20,7,low,slow,mid_energy,high_dance,chill_song,2022.0,125326889.4,2020,18.869577986001214
2055,Sleepy hallow,1,2021,4,14,2226,0,624515457.0,29,0,44,0,0.0,161,F#,Minor,78,65,52,46,0,12,31,2021-04-14,2,high,fast,mid_energy,high_dance,other,2299.0,499612588.20000005,2299,20.252486639825648
Bored,Billie Eilish,1,2017,3,30,4204,0,777765388.0,39,45,250,0,0.0,120,G,Major,60,11,33,90,0,8,5,2017-03-30,6,high,medium,low_energy,mid_dance,chill_song,4538.0,622212730.8,4493,20.471935480110076
Happier Than Ever - Edit,Billie Eilish,1,2021,7,28,1959,0,412795151.0,19,0,38,0,0.0,81,Unknown,Major,45,12,57,7,0,23,3,2021-07-28,2,mid,slow,mid_energy,mid_dance,sad_song,2016.0,330236316.7,2016,19.838462027876616
Astronaut In The Ocean,Masked Wolf,1,2019,1,1,7191,0,1138474110.0,146,18,478,0,7.0,150,E,Minor,78,47,70,18,0,15,9,2019-01-01,4,high,fast,mid_energy,high_dance,party_song,7840.0,910780007.1,7815,20.852954703639913
Ley Seca,"Anuel Aa, Jhay Cortez",2,2021,9,2,2012,0,355219175.0,101,12,38,0,0.0,105,G#,Major,76,58,84,10,0,13,10,2021-09-02,2,mid,medium,high_energy,high_dance,party_song,2163.0,284175541.2,2151,19.688245554111557
Every Summertime,NIKI,1,2021,8,10,1211,2,290228626.0,30,2,5,0,6.0,79,F#,Major,63,76,67,38,0,6,4,2021-08-10,2,mid,slow,mid_energy,mid_dance,other,1256.0,232183022.1,1246,19.486179539310733
Talking To The Moon,Bruno Mars,1,2010,10,4,7109,2,1062956628.0,5,0,862,0,0.0,146,C#,Minor,52,7,61,51,0,11,3,2010-10-04,13,high,fast,mid_energy,mid_dance,sad_song,7978.0,850366013.5000001,7976,20.784320134909414
you broke me first,Tate McRae,1,2020,4,17,6638,0,1180094974.0,167,19,318,0,1.0,124,E,Major,64,8,37,79,0,9,5,2020-04-17,3,high,fast,low_energy,mid_dance,chill_song,7143.0,944076643.0,7123,20.888860759473193
The Nights,Avicii,1,2014,1,1,17354,8,1456081449.0,92,122,1282,0,55.0,126,F#,Major,53,66,85,2,0,24,4,2014-01-01,9,high,fast,high_energy,mid_dance,other,18913.0,1164866895.4,18728,21.099014726090335
Take My Breath,The Weeknd,1,2021,8,6,6392,0,432702334.0,174,73,344,0,0.0,121,G#,Major,75,53,74,2,0,11,5,2021-08-06,2,mid,fast,high_energy,high_dance,party_song,6983.0,346162506.40000004,6910,19.88556060152906
Way 2 Sexy (with Future & Young Thug),"Drake, Future, Young Thug",3,2021,9,3,5481,0,489945871.0,144,30,86,0,0.0,136,B,Minor,80,33,60,0,0,32,14,2021-09-03,2,high,fast,mid_energy,high_dance,other,5741.0,391957244.90000004,5711,20.009805477661082
Cï¿½ï¿½,Rauw Alejandro,1,2021,6,25,2636,3,465959382.0,36,82,39,0,5.0,102,A,Minor,77,26,63,58,0,11,5,2021-06-25,2,mid,medium,mid_energy,high_dance,sad_song,2801.0,372767769.50000006,2711,19.95960902734698
Enemy - from the series Arcane League of Legends,"Imagine Dragons, League of Legends, Arcane",3,2021,10,27,824,0,1223481149.0,8,8,8,2,0.0,77,G,Major,73,54,74,23,0,41,23,2021-10-27,2,high,slow,high_energy,high_dance,party_song,850.0,978785001.6,840,20.924966034107968
Dance Monkey,Tones and I,1,2019,5,10,24529,0,2864791672.0,533,167,3595,6,0.0,98,F#,Minor,82,54,59,69,0,18,10,2019-05-10,4,high,medium,mid_energy,high_dance,other,28830.0,2291835790.5,28657,21.775761469984122
Lucid Dreams,Juice WRLD,1,2017,6,15,14749,0,2288695111.0,188,34,710,0,5.0,84,B,Minor,44,22,48,38,0,33,24,2017-06-15,6,high,slow,mid_energy,mid_dance,sad_song,15686.0,1830957563.7000003,15647,21.551247672016057
Quï¿½ï¿½ Mï¿½ï¿,"J Balvin, Maria Becerra",2,2021,1,28,8087,0,720825549.0,92,34,131,0,0.0,102,G#,Major,89,77,82,3,0,17,11,2021-01-28,2,high,medium,high_energy,high_dance,party_song,8344.0,576661247.9000001,8310,20.39590771035604
All of Me,John Legend,1,2013,8,1,27221,0,2086124197.0,308,118,4534,2,77.0,120,G#,Major,42,33,26,92,0,13,3,2013-08-01,10,high,medium,low_energy,mid_dance,chill_song,32260.0,1668902079.7,32063,21.458573730582923
Smells Like Teen Spirit - Remastered 2021,Nirvana,1,1991,9,10,49991,9,1690192927.0,265,121,12367,4,160.0,117,C#,Major,52,73,91,0,0,11,7,1991-09-10,32,high,medium,high_energy,mid_dance,other,62917.0,1352159341.6000001,62623,21.24810851794568
Arcade,Duncan Laurence,1,2019,3,7,6646,0,991336132.0,107,47,584,1,0.0,72,A,Minor,45,27,33,82,0,14,4,2019-03-07,4,high,slow,low_energy,mid_dance,chill_song,7385.0,793069570.2,7337,20.714564220454847
Fair Trade (with Travis Scott),"Drake, Travis Scott",2,2021,9,3,5403,6,593917618.0,118,116,96,0,3.0,168,C#,Major,67,29,47,5,0,22,26,2021-09-03,2,high,fast,mid_energy,mid_dance,sad_song,5742.0,475134635.3000001,5617,20.202251179156583
Bar,"Tini, L-Gante",2,2021,11,11,755,4,200972675.0,22,3,0,0,0.0,94,C#,Major,52,68,69,13,0,33,8,2021-11-11,2,mid,medium,mid_energy,mid_dance,other,784.0,160778215.9,777,19.11867951648412
The Rumbling (TV Size),SiM,1,2022,1,10,254,0,71014967.0,0,4,23,0,0.0,145,G#,Major,41,65,88,0,0,26,5,2022-01-10,1,low,fast,high_energy,mid_dance,other,281.0,56811999.0,277,18.078401229688236
family ties (with Kendrick Lamar),"Kendrick Lamar, Baby Keem",2,2021,8,27,6308,5,560222750.0,114,15,63,0,2.0,134,C#,Major,71,14,61,1,0,23,33,2021-08-27,2,high,fast,mid_energy,high_dance,sad_song,6507.0,448178831.3,6485,20.143845032246954
Mr. Brightside,The Killers,1,2003,9,23,51979,15,1806617704.0,306,99,5063,2,120.0,148,C#,Major,35,24,93,0,0,10,8,2003-09-23,20,high,fast,high_energy,low_dance,sad_song,57584.0,1445299362.6000001,57348,21.314722262809124
Blessed-Cursed,ENHYPEN,1,2022,1,10,246,0,77337771.0,2,12,10,0,0.0,127,E,Minor,60,40,89,9,0,60,6,2022-01-10,1,low,fast,high_energy,mid_dance,other,270.0,61870241.400000006,258,18.16369303586708
AM Remix,"J Balvin, Nio Garcia, Bad Bunny",3,2021,6,24,6556,0,528544703.0,93,5,67,1,0.0,172,F#,Minor,74,79,66,11,0,8,16,2021-06-24,2,high,fast,mid_energy,high_dance,other,6722.0,422836418.00000006,6716,20.085637946263077
Streets,Doja Cat,1,2019,11,7,5728,0,865640097.0,85,87,179,0,12.0,90,B,Major,75,19,46,21,4,34,8,2019-11-07,4,high,slow,mid_energy,high_dance,sad_song,6091.0,692512650.4,5992,20.578979788920723
Shallow,"Lady Gaga, Bradley Cooper",2,2018,9,27,16636,12,2159346687.0,368,155,2854,6,121.0,96,G,Major,57,30,40,38,0,26,3,2018-09-27,5,high,medium,low_energy,mid_dance,sad_song,20152.0,1727479014.4,19858,21.4930715536332
Polaroid Love,ENHYPEN,1,2022,1,10,461,0,211372494.0,10,56,17,0,0.0,138,G,Minor,74,65,67,46,0,36,4,2022-01-10,1,mid,fast,mid_energy,high_dance,other,544.0,169098041.3,488,19.16913251413704
Leave Before You Love Me (with Jonas Brothers),"Marshmello, Jonas Brothers",2,2021,4,28,4893,4,651732901.0,143,24,110,0,70.0,120,G,Major,72,67,72,0,0,13,4,2021-04-28,2,high,medium,high_energy,high_dance,party_song,5244.0,521386810.5,5146,20.295145376448346
Permission to Dance,BTS,1,2021,7,9,1801,2,608334048.0,77,134,74,0,2.0,125,A,Major,70,65,74,1,0,34,4,2021-07-09,2,high,fast,high_energy,mid_dance,party_song,2090.0,486667418.70000005,1952,20.226234711750422
Friday (feat. Mufasa & Hypeman) - Dopamine Re-Edit,"Riton, Nightcrawlers, Mufasa & Hypeman, Dopamine",4,2021,1,15,12043,0,863756573.0,209,54,710,0,18.0,123,D,Major,82,80,86,1,0,30,13,2021-01-15,2,high,fast,high_energy,high_dance,party_song,13034.0,691006462.7,12962,20.576801544015744
RAPSTAR,Polo G,1,2021,4,9,4731,0,797402345.0,141,12,78,0,0.0,81,F#,Major,79,44,54,41,0,13,24,2021-04-09,2,high,slow,mid_energy,high_dance,other,4962.0,637922349.1,4950,20.496869934968903
'Till I Collapse,"Eminem, Nate Dogg",2,2002,5,26,22923,0,1695712020.0,78,46,2515,1,0.0,171,C#,Major,55,10,85,7,0,8,20,2002-05-26,21,high,fast,high_energy,mid_dance,sad_song,25563.0,1356571908.3,25516,21.25136856095997
Memories,Maroon 5,1,2019,9,20,9974,2,1759567999.0,272,67,1066,1,19.0,91,B,Major,77,60,32,84,0,8,5,2019-09-20,4,high,medium,low_energy,high_dance,chill_song,11401.0,1407655396.8000002,11312,21.28833416132212
Se Le Ve,"Arcangel, De La Ghetto, Justin Quiles, Lenny Tavï¿½ï¿½rez, Sech, Dalex, Dimelo Flow, Rich Music",8,2021,8,12,1560,0,223319934.0,72,0,0,0,0.0,84,G,Minor,56,61,76,10,0,14,11,2021-08-12,2,mid,slow,high_energy,mid_dance,other,1632.0,178656103.20000002,1632,19.224115987344238
25k jacket (feat. Lil Baby),"Gunna, Lil Baby",2,2022,1,7,620,0,54937991.0,17,3,3,0,0.0,115,F,Minor,90,74,54,16,0,13,28,2022-01-07,1,low,medium,mid_energy,high_dance,other,643.0,43950454.800000004,640,17.821715689000968
When Iï¿½ï¿½ï¿½m Gone (with Katy ,"Katy Perry, Alesso",2,2021,12,29,3270,0,226897599.0,89,21,65,0,0.0,125,Unknown,Major,69,70,89,4,0,49,3,2021-12-29,2,mid,fast,high_energy,mid_dance,other,3445.0,181518406.20000002,3424,19.24000937234728
Esqueï¿½ï¿½a-Me Se For C,"Marï¿½ï¿½lia Mendonï¿½ï¿½a, Maiara &",2,2021,10,14,580,0,258316038.0,24,92,93,0,0.0,122,F#,Minor,80,62,69,28,0,13,7,2021-10-14,2,mid,fast,mid_energy,high_dance,other,789.0,206652888.4,697,19.36969435060209
Miï¿½ï¿½n,"Tini, Maria Becerra",2,2021,4,29,3406,16,596152090.0,61,23,70,1,0.0,92,D,Major,85,92,54,16,0,29,7,2021-04-29,2,high,medium,mid_energy,high_dance,other,3577.0,476922014.20000005,3537,20.206006378716765
Sï¿½ï¿½,"Anuel Aa, Myke Towers, Jhay Cortez",3,2021,11,18,903,0,177129919.0,30,26,15,0,0.0,90,F#,Minor,63,75,75,17,0,11,8,2021-11-18,2,low,slow,high_energy,mid_dance,other,974.0,141704025.50000003,948,18.992394032582993
MAMIII,"Karol G, Becky G",2,2022,2,10,6809,28,716591492.0,151,102,175,5,29.0,94,E,Minor,84,90,70,9,0,14,8,2022-02-10,1,high,medium,mid_energy,high_dance,party_song,7299.0,573273877.3,7135,20.390016491427794
Still D.R.E.,"Dr. Dre, Snoop Dogg",2,1999,1,1,33966,0,1210599487.0,141,78,6591,1,0.0,93,B,Major,81,53,78,18,0,6,24,1999-01-01,24,high,medium,high_energy,high_dance,party_song,40777.0,968482986.2,40698,20.914381518490995
Stay Alive (Prod. SUGA of BTS),Jung Kook,1,2022,2,11,590,5,246376690.0,4,113,20,0,1.0,130,D,Minor,51,50,76,30,0,10,7,2022-02-11,1,mid,fast,high_energy,mid_dance,other,733.0,197101411.5,614,19.32237218693466
Boyfriend,Dove Cameron,1,2022,2,11,3766,0,496311364.0,76,0,102,0,2.0,180,G,Minor,35,23,61,23,0,19,6,2022-02-11,1,high,fast,mid_energy,low_dance,sad_song,3946.0,397049467.8000001,3944,20.022714039751456
The Joker And The Queen (feat. Taylor Swift),"Ed Sheeran, Taylor Swift",2,2022,2,11,1430,0,146789379.0,46,1,34,0,0.0,134,Unknown,Major,53,31,31,92,0,28,3,2022-02-11,1,low,fast,low_energy,mid_dance,chill_song,1511.0,117431646.2,1510,18.804509328203533
The Next Episode,"Dr. Dre, Snoop Dogg",2,1999,1,1,31762,0,843309044.0,142,40,5451,1,953.0,95,D#,Minor,92,31,89,3,0,8,25,1999-01-01,24,high,medium,high_energy,high_dance,party_song,38349.0,674650411.4000001,37355,20.552844050207735
Light Switch,Charlie Puth,1,2022,1,19,4049,0,500340342.0,119,6,85,1,1.0,184,F#,Major,69,91,63,11,0,9,31,2022-01-19,1,high,fast,mid_energy,mid_dance,other,4261.0,400272678.5,4253,20.030799110824827
City of Gods,"Kanye West, Alicia Keys, Fivio Foreign",3,2022,2,11,2096,0,107255472.0,34,3,30,0,0.0,147,G#,Minor,47,50,80,10,0,32,38,2022-02-11,1,low,fast,high_energy,mid_dance,other,2163.0,85804587.2,2160,18.49072414477343
Brividi,"Mahmood, Blanco",2,2022,2,2,1175,0,135079152.0,34,1,31,0,0.0,123,G,Major,52,44,60,40,0,26,3,2022-02-02,1,low,fast,mid_energy,mid_dance,other,1241.0,108063439.10000001,1240,18.721371483103677
Lost,Frank Ocean,1,2012,1,1,29499,11,822239726.0,124,27,587,0,4.0,123,A#,Minor,91,49,61,3,0,17,22,2012-01-01,11,high,fast,mid_energy,high_dance,other,30252.0,657794731.8000001,30210,20.52754254918829
In Da Club,50 Cent,1,2002,1,1,30427,7,1202722675.0,235,106,5221,1,35.0,90,F#,Minor,90,79,71,26,0,7,37,2002-01-01,21,high,slow,high_energy,high_dance,party_song,36032.0,962181183.4000001,35883,20.907853720347724
she's all i wanna be,Tate McRae,1,2022,2,4,2711,0,343197054.0,105,12,51,0,12.0,160,D,Minor,61,65,64,1,0,12,4,2022-02-04,1,mid,fast,mid_energy,mid_dance,other,2891.0,274557914.3,2867,19.653815344538934
Ginseng Strip 2002,Yung Lean,1,2013,8,16,4310,0,240769997.0,13,0,113,1,3.0,115,C#,Major,60,37,71,8,0,48,4,2013-08-16,10,mid,medium,high_energy,mid_dance,other,4440.0,192616428.60000002,4436,19.299352670613327
All For Us - from the HBO Original Series Euphoria,"Labrinth, Zendaya",2,2019,8,4,5342,0,426204830.0,33,123,7,0,4.0,141,D#,Major,37,17,67,2,0,34,9,2019-08-04,4,mid,fast,mid_energy,low_dance,sad_song,5509.0,340964398.2,5382,19.870430612618517
Notion,The Rare Occasions,1,2016,8,5,2393,0,421135627.0,22,13,65,0,6.0,160,A,Major,31,30,88,7,0,8,8,2016-08-05,7,mid,fast,high_energy,low_dance,sad_song,2499.0,336908740.90000004,2480,19.8584654965349
Formula,Labrinth,1,2019,10,4,3444,7,554875730.0,24,85,102,0,1.0,145,B,Major,57,23,66,4,6,15,4,2019-10-04,4,high,fast,mid_energy,mid_dance,sad_song,3663.0,443900929.09999996,3570,20.13425473853144
Mount Everest,Labrinth,1,2019,6,21,5443,0,467727006.0,45,1,80,0,12.0,89,Unknown,Minor,46,43,43,23,8,8,22,2019-06-21,4,mid,slow,mid_energy,mid_dance,other,5581.0,374182149.1,5568,19.9633953653095
Excuses,"Intense, AP Dhillon, Gurinder Gill",3,2020,7,24,272,4,327498031.0,7,21,2,0,0.0,95,F,Minor,84,49,72,8,0,15,8,2020-07-24,3,mid,medium,high_energy,high_dance,party_song,306.0,261998452.4,281,19.60699260386122
Cigarettes,Juice WRLD,1,2021,12,10,975,0,185408548.0,11,0,10,0,0.0,160,D,Major,60,47,62,3,0,38,4,2021-12-10,2,mid,fast,mid_energy,mid_dance,other,996.0,148326935.9,996,19.038072321144057
"Cayï¿½ï¿½ La Noche (feat. Cruz Cafunï¿½ï¿½, Abhir Hathi, Bejo, EL IMA)","Quevedo, La Pantera, Juseph, Cruz Cafunï¿½ï¿½, Bï¿½ï¿½jo, Abhir Hathi",7,2022,1,14,1034,1,245400167.0,19,5,12,0,0.0,174,F,Minor,67,74,75,44,0,7,30,2022-01-14,1,mid,fast,high_energy,mid_dance,other,1071.0,196320237.10000002,1065,19.31840077483743
California Love - Original Version (Explicit),"Dr. Dre, 2Pac, Roger",3,1995,12,28,18773,0,579395142.0,128,17,1663,0,0.0,92,G,Major,77,76,84,3,0,38,4,1995-12-28,28,high,medium,high_energy,high_dance,party_song,20581.0,463517990.90000004,20564,20.177495260454585
Forgot About Dre,"Eminem, Dr. Dre",2,1999,1,1,19067,0,675039469.0,78,15,1674,0,3.0,134,G#,Major,93,61,74,9,0,17,8,1999-01-01,24,high,fast,high_energy,high_dance,party_song,20837.0,540033481.9000001,20819,20.330281721201334
Down Under (feat. Colin Hay),"Luude, Colin Hay",2,2021,11,19,3541,2,252871192.0,57,13,50,1,7.0,172,B,Minor,31,4,86,1,0,28,17,2021-11-19,2,mid,fast,high_energy,low_dance,sad_song,3671.0,202297307.9,3648,19.34839079846985
Mujeriego,Ryan Castro,1,2021,12,17,1492,0,231996128.0,44,63,91,0,24.0,80,A,Major,76,92,62,6,0,8,13,2021-12-17,2,mid,slow,mid_energy,high_dance,other,1714.0,185597051.6,1627,19.262231244146555
HUMBLE.,Kendrick Lamar,1,2017,3,30,33206,1,1929770265.0,284,114,1481,0,5.0,150,C#,Minor,91,42,60,0,0,9,12,2017-03-30,6,high,fast,mid_energy,high_dance,other,35091.0,1543819532.6999998,34971,21.380666799617575
Stan,"Eminem, Dido",2,1999,11,21,17115,0,918915401.0,83,63,4180,0,0.0,80,F#,Minor,78,53,74,4,0,45,21,1999-11-21,24,high,slow,high_energy,high_dance,party_song,21441.0,735134032.3000001,21378,20.63870462167573
Contection,"GODZZ__-, Zakaria",2,2020,1,16,6955,0,1180896317.0,65,45,398,0,1.0,166,A#,Minor,81,83,75,14,0,29,34,2020-01-16,3,high,fast,high_energy,high_dance,party_song,7464.0,944717749.1,7418,20.88953957860577
Swim,Chase Atlantic,1,2017,10,4,2742,0,498960285.0,5,1,62,0,0.0,120,G#,Major,67,8,54,27,0,8,4,2017-10-04,6,high,medium,mid_energy,mid_dance,sad_song,2810.0,399168502.2,2809,20.028037063374217
A Tu Merced,Bad Bunny,1,2020,2,29,4214,11,685071800.0,21,20,40,0,0.0,92,Unknown,Major,86,89,79,17,0,11,6,2020-02-29,3,high,medium,high_energy,high_dance,party_song,4306.0,548057862.5,4275,20.345034209711475
Numb Little Bug,Em Beihold,1,2022,1,28,2026,0,258714692.0,47,3,42,12,6.0,85,G#,Minor,74,61,52,30,0,26,9,2022-01-28,1,mid,slow,mid_energy,high_dance,other,2136.0,206971956.20000002,2115,19.371236441059494
212,"Mainstreet, Chefin",2,2022,1,15,352,0,143139338.0,10,0,39,0,0.0,154,D,Minor,79,86,52,66,0,9,7,2022-01-15,1,low,fast,mid_energy,high_dance,other,401.0,114511505.60000001,401,18.77932911240742
Problemï¿½,"Alvaro Diaz, Rauw Alejandro",2,2021,10,22,1517,0,209768491.0,42,7,15,0,4.0,92,D,Minor,73,37,74,28,0,14,6,2021-10-22,2,mid,medium,high_energy,high_dance,party_song,1585.0,167814944.5,1574,19.161515061523275
Bussin,"Nicki Minaj, Lil Baby",2,2022,2,11,847,0,64714573.0,25,0,14,0,0.0,140,B,Major,89,75,70,6,0,13,5,2022-02-11,1,low,fast,mid_energy,high_dance,party_song,886.0,51771743.10000001,886,17.985496989128208
Worst Day,Future,1,2022,2,11,910,0,50746620.0,20,3,24,0,0.0,89,C#,Major,65,60,60,11,0,10,40,2022-02-11,1,low,slow,mid_energy,mid_dance,other,957.0,40597387.0,954,17.74235559238875
Malvada,Zï¿½ï¿½ Fe,1,2022,1,28,601,0,154119539.0,28,73,64,0,0.0,135,F,Minor,89,89,86,16,0,8,5,2022-01-28,1,low,fast,high_energy,high_dance,party_song,766.0,123295691.3,693,18.85323909303052
Hrs and Hrs,Muni Long,1,2021,11,19,1800,0,181328253.0,43,36,46,13,4.0,140,G#,Minor,51,66,53,60,0,11,18,2021-11-19,2,low,fast,mid_energy,mid_dance,other,1942.0,145062782.4,1889,19.01581950473038
Alien Blues,Vundabar,1,2015,7,24,1930,0,370068639.0,3,0,28,0,1.0,82,D#,Major,47,44,76,8,91,9,3,2015-07-24,8,mid,slow,high_energy,mid_dance,other,1962.0,296055104.2,1961,19.729199059910552
Thinking Out Loud,Ed Sheeran,1,2014,1,1,33032,0,2280566092.0,363,129,3895,0,28.0,79,D,Major,78,58,45,47,0,18,3,2014-01-01,9,high,slow,mid_energy,high_dance,other,37447.0,1824456176.8000002,37290,21.5476895354983
Still Don't Know My Name,Labrinth,1,2019,10,4,6332,0,563902868.0,47,116,266,0,0.0,88,F,Major,31,31,63,47,27,21,12,2019-10-04,4,high,slow,mid_energy,low_dance,other,6761.0,451122927.6,6645,20.15039257654599
Christmas Tree,V,1,2021,12,24,509,9,317622165.0,8,106,6,0,8.0,139,F,Major,44,18,38,70,0,12,4,2021-12-24,2,mid,fast,low_energy,mid_dance,chill_song,646.0,254097783.8,523,19.57637307709333
Mal Feito - Ao Vivo,"Marï¿½ï¿½lia Mendonï¿½ï¿½a, Hugo & G",2,2022,1,14,971,2,291709698.0,35,104,93,1,0.0,124,Unknown,Minor,73,68,83,55,0,90,7,2022-01-14,1,mid,fast,high_energy,high_dance,party_song,1206.0,233367855.7,1099,19.49126968419948
When I R.I.P.,Labrinth,1,2019,10,4,2578,0,203680270.0,8,67,66,0,0.0,80,G#,Minor,39,45,55,73,0,9,21,2019-10-04,4,mid,slow,mid_energy,low_dance,other,2719.0,162944473.8,2652,19.132062023290946
Do We Have A Problem?,"Nicki Minaj, Lil Baby",2,2022,2,4,1064,0,81350745.0,42,1,26,0,0.0,120,C#,Minor,84,54,51,47,0,12,40,2022-02-04,1,low,medium,mid_energy,high_dance,other,1133.0,65080702.4,1132,18.21428056183927
Forever,Labrinth,1,2019,10,4,3618,0,282883169.0,21,86,138,0,2.0,80,E,Minor,56,19,46,92,72,11,3,2019-10-04,4,mid,slow,mid_energy,mid_dance,chill_song,3865.0,226306897.00000003,3777,19.460544543515923
Gospel (with Eminem),"Eminem, Dr. Dre",2,2022,2,4,1040,0,64787943.0,8,0,29,0,0.0,117,C#,Major,92,62,86,11,0,24,24,2022-02-04,1,low,medium,high_energy,high_dance,party_song,1077.0,51830458.400000006,1077,17.986630094630453
Seï¿½ï¿½o,"Shawn Mendes, Camila Cabello",2,2019,6,19,15010,2,2484812918.0,453,50,1785,1,8.0,117,A,Minor,76,77,52,4,0,8,3,2019-06-19,4,high,medium,mid_energy,high_dance,other,17309.0,1987851835.6000001,17248,21.633463209556385
NEW MAGIC WAND,"Tyler, The Creator",2,2019,5,16,4708,0,461437791.0,13,7,55,0,1.0,140,F,Minor,62,46,73,10,0,67,11,2019-05-16,4,mid,fast,high_energy,mid_dance,other,4784.0,369150703.6,4776,19.94985780758855
Adore You,Harry Styles,1,2019,12,6,13454,1,1439191367.0,246,71,519,2,5.0,99,G#,Major,68,57,77,2,0,10,5,2019-12-06,4,high,medium,high_energy,mid_dance,other,14298.0,1151354439.1000001,14219,21.087347242806068
La Santa,"Daddy Yankee, Bad Bunny",2,2020,2,29,4890,20,759208783.0,52,42,100,0,0.0,93,C#,Major,74,59,87,3,0,8,5,2020-02-29,3,high,medium,high_energy,high_dance,party_song,5104.0,607367517.4,5042,20.44778737526682
Something In The Way - Remastered 2021,Nirvana,1,1991,9,24,9514,0,368646862.0,45,27,1197,0,43.0,106,G#,Major,44,8,20,74,42,11,3,1991-09-24,32,mid,medium,low_energy,mid_dance,chill_song,10826.0,294918441.0,10756,19.725349732937442
Sweetest Pie,"Dua Lipa, Megan Thee Stallion",2,2022,3,11,3501,0,299634472.0,69,2,51,11,0.0,124,G,Major,81,68,63,17,0,10,22,2022-03-11,1,mid,fast,mid_energy,high_dance,other,3634.0,239707927.70000002,3621,19.518073866405942
Bam Bam (feat. Ed Sheeran),"Camila Cabello, Ed Sheeran",2,2022,3,4,6111,4,756907987.0,185,40,492,9,35.0,95,G#,Major,76,96,70,18,0,33,4,2022-03-04,1,high,medium,mid_energy,high_dance,party_song,6876.0,605527001.1,6788,20.444752255797496
Una Noche en Medellï¿½,Cris Mj,1,2022,1,21,5415,32,682475162.0,46,16,53,1,2.0,96,A#,Minor,87,82,53,10,0,5,8,2022-01-21,1,high,medium,mid_energy,high_dance,other,5565.0,545980674.3000001,5514,20.34123669315242
Envolver,Anitta,1,2021,11,11,4673,2,546191065.0,123,113,180,1,4.0,92,E,Minor,81,40,73,15,0,9,8,2021-11-11,2,high,medium,high_energy,high_dance,party_song,5096.0,436953319.5,4976,20.11847941022419
Starlight,Dave,1,2022,3,3,1856,3,229473310.0,29,40,31,1,1.0,124,G,Major,95,36,37,35,0,10,28,2022-03-03,1,mid,fast,low_energy,high_dance,other,1961.0,183578833.9,1916,19.251297288763443
Hati-Hati di Jalan,Tulus,1,2022,3,3,200,2,202677468.0,12,4,0,0,0.0,72,F#,Major,64,76,44,70,9,12,4,2022-03-03,1,mid,slow,mid_energy,mid_dance,chill_song,218.0,162141994.6,212,19.127126450828726
"I'm Tired - From ""Euphoria"" An Original HBO Series",Labrinth,1,2022,2,4,1888,0,121913181.0,26,1,58,0,0.0,71,Unknown,Minor,28,26,20,19,0,30,3,2022-02-04,1,low,slow,low_energy,low_dance,sad_song,1973.0,97530733.60000001,1972,18.61881972642291
DANï¿½ï¿½A,"Mc Pedrinho, Pedro Sampaio",2,2022,2,1,911,2,208166039.0,45,0,99,1,1.0,135,A,Minor,78,55,57,4,0,10,8,2022-02-01,1,mid,fast,mid_energy,high_dance,other,1059.0,166532922.5,1055,19.15384658844894
Yo Voy (feat. Daddy Yankee),Zion & Lennox,1,2004,5,4,2954,2,527033089.0,18,82,0,0,5.0,95,A#,Major,81,56,70,4,0,5,24,2004-05-04,19,high,medium,mid_energy,high_dance,party_song,3061.0,421626766.8,2972,20.08277389390828
"Residente: Bzrp Music Sessions, Vol. 49","Residente, Bizarrap",2,2022,3,3,461,0,94616487.0,7,11,13,0,0.0,71,C#,Minor,59,70,74,56,0,11,40,2022-03-03,1,low,slow,high_energy,mid_dance,other,492.0,75693235.7,481,18.36534231058982
Jordan,Ryan Castro,1,2021,4,30,2844,2,394030335.0,29,2,35,1,0.0,180,A#,Minor,80,71,68,6,0,10,37,2021-04-30,2,mid,fast,mid_energy,high_dance,other,2913.0,315224552.59999996,2908,19.79193845922211
Nail Tech,Jack Harlow,1,2022,2,18,2939,0,193443895.0,42,0,24,0,0.0,150,E,Minor,65,11,58,0,0,12,9,2022-02-18,1,mid,fast,mid_energy,mid_dance,sad_song,3005.0,154755409.9,3005,19.080498085240013
Chale,Eden Muï¿½ï,1,2022,2,18,695,11,299648208.0,16,41,13,1,1.0,189,G#,Major,55,86,44,40,0,7,4,2022-02-18,1,mid,fast,mid_energy,mid_dance,other,778.0,239718637.0,724,19.51811970787747
DARARI,Treasure,1,2022,2,15,328,0,182978249.0,10,21,7,0,9.0,85,Unknown,Major,72,55,64,49,0,7,4,2022-02-15,1,mid,slow,mid_energy,high_dance,other,375.0,146382632.00000003,345,19.024877851283165
Ya No Somos Ni Seremos,Christian Nodal,1,2022,2,18,866,16,319757142.0,27,84,32,7,11.0,140,G,Major,59,73,45,44,0,34,3,2022-02-18,1,mid,fast,mid_energy,mid_dance,other,1043.0,255805801.8,925,19.583072337501306
Thinking with My Dick,"Kevin Gates, Juicy J",2,2013,7,16,1550,0,109091573.0,0,0,14,0,0.0,81,Unknown,Major,77,68,70,6,0,17,20,2013-07-16,10,low,slow,mid_energy,high_dance,party_song,1564.0,87273413.4,1564,18.50769821592342
Freaky Deaky,"Tyga, Doja Cat",2,2022,2,25,1729,0,153240879.0,26,1,19,0,0.0,104,D,Minor,80,24,65,2,0,9,4,2022-02-25,1,low,medium,mid_energy,high_dance,sad_song,1775.0,122592876.10000001,1774,18.84752162040618
this is what falling in love feels like,JVKE,1,2021,9,3,2005,0,346127840.0,16,5,43,0,7.0,129,B,Major,42,33,44,62,0,8,6,2021-09-03,2,mid,fast,mid_energy,mid_dance,chill_song,2076.0,276902472.5,2064,19.66231874743905
La Zona,Bad Bunny,1,2020,2,29,1188,0,312622938.0,13,1,15,0,1.0,94,C#,Minor,76,81,80,20,0,25,4,2020-02-29,3,mid,medium,high_energy,high_dance,party_song,1218.0,250098469.20000002,1216,19.56050835457735
Bohemian Rhapsody - Remastered 2011,Queen,1,1975,10,31,40112,3,2197010679.0,321,162,5691,8,17.0,71,Unknown,Minor,41,23,40,27,0,30,5,1975-10-31,48,high,slow,low_energy,mid_dance,sad_song,46314.0,1757612554.7,46124,21.5103634915114
Hope,XXXTENTACION,1,2018,3,16,3659,0,1200808494.0,11,10,267,0,7.0,146,A,Minor,59,23,46,66,0,15,6,2018-03-16,5,high,fast,mid_energy,mid_dance,chill_song,3954.0,960647161.1,3937,20.90626091270887
Levitating,Dua Lipa,1,2020,3,27,9833,0,797196073.0,233,82,531,1,1.0,103,F#,Minor,69,90,88,5,0,29,8,2020-03-27,3,high,medium,high_energy,mid_dance,other,10681.0,637757841.6999999,10597,20.496611221554208
Wake Me Up - Radio Edit,Avicii,1,2013,1,1,50887,34,1970673297.0,315,160,6284,1,46.0,124,D,Major,53,66,78,0,0,16,5,2013-01-01,10,high,fast,high_energy,mid_dance,other,57727.0,1576543729.7000003,57486,21.40164109693884
"jealousy, jealousy",Olivia Rodrigo,1,2021,5,21,3257,0,665765558.0,10,0,70,0,0.0,164,A#,Minor,70,71,58,24,0,7,13,2021-05-21,2,high,fast,mid_energy,mid_dance,other,3337.0,532612772.1,3337,20.31644815301985
Monï¿½ï¿½y so,YEAT,1,2021,9,10,1473,0,263779030.0,2,0,12,0,10.0,138,D,Major,69,35,57,12,0,10,9,2021-09-10,2,mid,fast,mid_energy,mid_dance,other,1497.0,211023371.3,1487,19.390622306839457
Demasiadas Mujeres,C. Tangana,1,2020,10,8,2226,0,339473453.0,36,2,11,0,14.0,126,A,Minor,67,37,46,13,0,10,39,2020-10-08,3,mid,fast,mid_energy,mid_dance,other,2289.0,271578985.00000006,2273,19.642906310447888
Something Just Like This,"The Chainsmokers, Coldplay",2,2017,2,22,23375,21,2204080728.0,336,188,2692,3,30.0,103,B,Minor,61,47,65,3,0,17,4,2017-02-22,6,high,medium,mid_energy,mid_dance,other,26645.0,1763266922.0,26403,21.513576355969178
Closer,"The Chainsmokers, Halsey",2,2016,5,31,28032,0,2591224264.0,315,159,2179,0,44.0,95,G#,Major,75,64,52,41,0,11,3,2016-05-31,7,high,medium,mid_energy,high_dance,other,30729.0,2072982214.4,30526,21.675396290164706
O.O,NMIXX,1,2022,2,22,290,0,135444283.0,9,66,10,0,0.0,200,B,Minor,39,28,77,4,0,6,29,2022-02-22,1,low,fast,high_energy,low_dance,sad_song,375.0,108355455.4,309,18.7240709255311
Somebody That I Used To Know,"Gotye, Kimbra",2,2011,1,1,42798,0,1457139296.0,217,136,6508,1,0.0,129,Unknown,Major,86,75,52,54,0,10,4,2011-01-01,12,high,fast,mid_energy,high_dance,other,49660.0,1165715716.6,49523,21.099740964943045
Tom's Diner,"AnnenMayKantereit, Giant Rooks",2,2019,6,28,2605,0,236872197.0,15,48,50,0,3.0,98,F#,Minor,68,33,43,38,0,36,14,2019-06-28,4,mid,medium,mid_energy,mid_dance,other,2721.0,189498018.10000002,2670,19.283031304707254
First Class,Jack Harlow,1,2022,4,8,8737,0,694525298.0,163,32,137,15,12.0,107,G#,Major,91,32,56,3,0,11,10,2022-04-08,1,high,medium,mid_energy,high_dance,other,9096.0,555621112.1,9037,20.35873914714099
Plan A,Paulo Londra,1,2022,3,23,1105,0,240661097.0,32,0,19,0,0.0,174,Unknown,Major,58,56,83,5,0,7,4,2022-03-23,1,mid,fast,high_energy,mid_dance,other,1156.0,192528988.10000002,1156,19.298900269417135
Fuera del mercado,Danny Ocean,1,2022,2,17,2499,21,421365166.0,68,24,43,1,0.0,92,G#,Major,45,27,67,32,0,13,14,2022-02-17,1,mid,medium,mid_energy,mid_dance,sad_song,2656.0,337092384.8,2610,19.85901039573747
X ï¿½ï¿½LTIMA,"Daddy Yankee, Bad Bunny",2,2022,3,25,2697,1,349746291.0,55,3,32,0,0.0,90,G,Major,81,59,83,9,0,11,5,2022-03-25,1,mid,slow,high_energy,high_dance,party_song,2788.0,279797302.6,2784,19.672718569595194
When You're Gone,Shawn Mendes,1,2022,3,31,2092,0,255120451.0,75,11,44,0,14.0,147,F,Major,60,58,69,2,0,58,4,2022-03-31,1,mid,fast,mid_energy,mid_dance,other,2236.0,204096570.0,2211,19.35724635237978
In My Head,Lil Tjay,1,2022,4,1,1185,0,190981339.0,21,0,31,0,0.0,143,C#,Major,68,41,55,16,0,10,12,2022-04-01,1,mid,fast,mid_energy,mid_dance,other,1237.0,152785189.70000002,1237,19.06768628490323
Wait a Minute!,Willow,1,2015,1,11,11985,0,924193303.0,79,80,250,3,10.0,101,D#,Minor,76,63,71,3,0,10,3,2015-01-11,8,high,medium,high_energy,high_dance,party_song,12407.0,739355840.9000001,12314,20.64443181118917
LOVE DIVE,IVE,1,2022,4,5,753,8,305771063.0,28,124,13,0,1.0,118,C#,Minor,70,54,71,0,0,33,4,2022-04-05,1,mid,medium,high_energy,mid_dance,party_song,927.0,244616926.50000003,794,19.538347223044894
Pantysito,"Feid, Alejo, Robi",3,2022,3,18,2995,0,273005485.0,49,17,30,0,0.0,98,G,Minor,83,63,74,14,0,16,6,2022-03-18,1,mid,medium,high_energy,high_dance,party_song,3091.0,218404687.5,3074,19.425002448185424
Chance,Paulo Londra,1,2022,4,6,225,0,89566512.0,11,0,7,0,0.0,138,C#,Minor,72,22,46,24,0,9,6,2022-04-06,1,low,fast,mid_energy,high_dance,sad_song,243.0,71653232.10000001,243,18.310492069248106
Cool for the Summer,Demi Lovato,1,2015,1,1,9243,0,677389855.0,155,5,577,0,6.0,114,F,Minor,59,30,62,1,0,8,4,2015-01-01,8,high,medium,mid_energy,mid_dance,sad_song,9986.0,541912808.3,9975,20.333757523331776
psychofreak (feat. WILLOW),"Camila Cabello, Willow",2,2022,4,7,918,0,75476209.0,24,0,52,0,0.0,180,G,Minor,63,45,64,34,0,9,8,2022-04-07,1,low,fast,mid_energy,mid_dance,other,994.0,60381059.0,994,18.13932806522728
Angel Baby,Troye Sivan,1,2021,9,9,1959,9,408843328.0,52,25,32,0,10.0,145,B,Major,56,41,57,1,0,13,3,2021-09-09,2,mid,fast,mid_energy,mid_dance,other,2087.0,327074859.2,2043,19.82884258194165
Vampiro,"Matuï¿½ï¿½, Wiu, ",3,2022,1,30,540,4,187772591.0,26,3,39,0,0.0,115,G#,Minor,78,63,64,1,0,7,4,2022-01-30,1,mid,medium,mid_energy,high_dance,other,612.0,150218127.20000002,605,19.050742171595783
Si Quieren Frontear,"De La Ghetto, Duki, Quevedo",3,2022,3,31,859,0,178512385.0,14,0,11,0,0.0,82,A#,Major,79,48,84,13,0,21,23,2022-03-31,1,low,slow,high_energy,high_dance,party_song,884.0,142809993.9,884,19.00016854613238
Right On,Lil Baby,1,2022,4,8,1116,0,101780047.0,31,9,15,0,1.0,166,D,Major,70,22,61,2,0,10,34,2022-04-08,1,low,fast,mid_energy,mid_dance,sad_song,1172.0,81424149.2,1162,18.438324650730273
Me Arrepentï¿,"Ak4:20, Cris Mj, Pailita",3,2022,3,30,273,2,118381354.0,12,2,4,0,0.0,92,Unknown,Major,86,91,79,29,0,60,16,2022-03-30,1,low,medium,high_energy,high_dance,party_song,293.0,94705110.7,289,18.58942179335158
That's Hilarious,Charlie Puth,1,2022,4,8,686,2,146363130.0,11,6,12,0,15.0,108,F#,Major,71,55,44,74,0,11,6,2022-04-08,1,low,medium,mid_energy,high_dance,chill_song,732.0,117090572.8,709,18.80160129034342
Soy El Unico,Yahritza Y Su Esencia,1,2022,3,25,226,0,126443991.0,5,0,4,0,1.0,84,E,Minor,71,63,45,45,0,11,3,2022-03-25,1,low,slow,mid_energy,high_dance,other,236.0,101155215.4,235,18.655310017100547
RUMBATï¿½,Daddy Yankee,1,2022,3,25,1264,0,157990698.0,20,4,52,0,1.0,95,D#,Minor,69,90,91,6,0,35,4,2022-03-25,1,low,medium,high_energy,mid_dance,other,1341.0,126392684.80000001,1336,18.8780467221699
sentaDONA (Remix) s2,"Luï¿½ï¿½sa Sonza, MC Frog, Dj Gabriel do Borel, Davi K",4,2022,3,17,870,0,176290831.0,32,0,49,0,0.0,135,D#,Minor,93,77,45,25,0,13,27,2022-03-17,1,low,fast,mid_energy,high_dance,other,951.0,141032751.8,951,18.987645643747072
Falling,Harry Styles,1,2019,12,13,7556,0,1023187129.0,124,24,254,0,8.0,110,E,Major,57,6,27,84,0,9,3,2019-12-13,4,high,medium,low_energy,mid_dance,chill_song,7966.0,818550458.8000001,7934,20.746188229963717
Sigue,"Ed Sheeran, J Balvin",2,1996,11,24,1370,0,106933107.0,46,8,60,0,0.0,88,G,Major,89,59,64,5,0,19,7,1996-11-24,27,low,slow,mid_energy,high_dance,other,1484.0,85546622.60000001,1476,18.487714038054385
Fim de Semana no Rio,teto,1,2022,3,30,315,2,139193812.0,27,2,31,0,0.0,119,C#,Minor,87,28,50,12,0,10,10,2022-03-30,1,low,medium,mid_energy,high_dance,sad_song,377.0,111355081.30000001,373,18.751377858037724
MANIAC,Stray Kids,1,2022,3,18,651,0,212234990.0,6,188,20,0,0.0,120,C#,Major,58,71,80,15,0,7,41,2022-03-18,1,mid,medium,high_energy,mid_dance,other,865.0,169788057.1,677,19.173204666874476
There's Nothing Holdin' Me Back,Shawn Mendes,1,2016,9,23,12382,0,1714490998.0,229,57,1370,2,71.0,122,D,Major,86,97,80,36,0,9,6,2016-09-23,7,high,fast,high_energy,high_dance,party_song,14111.0,1371594036.6000001,13981,21.262382079926375
IDGAF (with blackbear),"Blackbear, BoyWithUke",2,2022,3,18,625,0,197643795.0,10,2,13,0,1.0,98,F,Major,78,83,75,41,0,27,8,2022-03-18,1,mid,medium,high_energy,high_dance,party_song,651.0,158115098.5,648,19.10197695839571
Golden,Harry Styles,1,2019,12,13,8429,1,807015863.0,85,24,200,0,2.0,140,E,Minor,45,25,84,21,0,13,6,2019-12-13,4,high,fast,high_energy,mid_dance,sad_song,8741.0,645613533.4000001,8714,20.508853884033574
Get Lucky - Radio Edit,"Pharrell Williams, Nile Rodgers, Daft Punk",3,2013,1,1,52898,0,933815613.0,203,1,8215,0,0.0,116,F#,Minor,79,87,81,4,0,10,4,2013-01-01,10,high,medium,high_energy,high_dance,party_song,61317.0,747057780.2,61316,20.65478956128657
Ain't Shit,Doja Cat,1,2021,6,25,3436,0,499710590.0,32,6,46,0,1.0,124,D#,Major,86,62,49,51,0,35,21,2021-06-25,2,high,fast,mid_energy,high_dance,other,3521.0,399768815.6,3514,20.02953967080666
"Nobody Like U - From ""Turning Red""","Jordan Fisher, Josh Levi, Finneas O'Connell, 4*TOWN (From Disney and Pixarï¿½ï¿½ï¿½s Turning Red), Topher Ngo, Grayson Vill",6,2022,2,25,918,0,120847157.0,34,39,30,0,0.0,105,A,Minor,91,73,72,13,0,9,15,2022-02-25,1,low,medium,high_energy,high_dance,party_song,1021.0,96677817.4,982,18.610037148080934
Still Life,BIGBANG,1,2022,4,5,181,0,53909146.0,16,14,7,0,0.0,118,G#,Major,68,24,58,44,0,6,3,2022-04-05,1,low,medium,mid_energy,mid_dance,sad_song,218.0,43127334.900000006,204,17.802810724635265
Photograph,Ed Sheeran,1,2014,6,20,18778,3,2236667932.0,228,105,2453,0,84.0,108,E,Major,61,20,38,61,0,10,5,2014-06-20,9,high,medium,low_energy,mid_dance,chill_song,21651.0,1789336223.7,21459,21.528253065431628
Love Yourself,Justin Bieber,1,2015,11,9,22730,5,2123309722.0,289,87,2430,0,36.0,100,E,Major,61,53,38,84,0,28,44,2015-11-09,8,high,medium,low_energy,mid_dance,chill_song,25577.0,1698650051.1000001,25449,21.476241898334305
N95,Kendrick Lamar,1,2022,5,13,5542,0,301242089.0,52,16,65,0,206.0,140,D#,Minor,81,39,66,38,0,12,14,2022-05-13,1,mid,fast,mid_energy,high_dance,other,5881.0,240994225.4,5659,19.523424785163
About Damn Time,Lizzo,1,2022,4,14,9021,0,723894473.0,242,49,272,21,24.0,109,A#,Minor,84,72,74,10,0,34,7,2022-04-14,1,high,medium,high_energy,high_dance,party_song,9629.0,579116480.5,9535,20.400156185583178
Die Hard,"Kendrick Lamar, Blxst, Amanda Reifer",3,2022,5,13,4627,0,237351106.0,38,13,32,0,0.0,101,C#,Minor,78,40,74,36,0,17,27,2022-05-13,1,mid,medium,high_energy,high_dance,party_song,4710.0,189881347.5,4697,19.28505106694904
Despuï¿½ï¿½s de la P,Bad Bunny,1,2022,5,6,2229,0,461558540.0,27,44,24,0,5.0,78,F,Major,56,61,90,36,0,18,31,2022-05-06,1,mid,slow,high_energy,mid_dance,other,2329.0,369247054.9,2280,19.95011945326659
Un Ratito,Bad Bunny,1,2022,5,6,1112,6,417230415.0,7,30,13,1,1.0,93,Unknown,Minor,79,22,55,31,0,12,5,2022-05-06,1,mid,medium,mid_energy,high_dance,sad_song,1170.0,333784443.8,1132,19.849149183514943
United In Grief,Kendrick Lamar,1,2022,5,13,2575,0,156898322.0,4,5,12,0,51.0,87,G#,Major,52,32,83,24,0,17,43,2022-05-13,1,low,slow,high_energy,mid_dance,other,2647.0,125518915.10000001,2591,18.87110852930962
Father Time (feat. Sampha),"Kendrick Lamar, Sampha",2,2022,5,13,3107,0,127309180.0,4,0,22,0,0.0,153,A#,Minor,55,50,78,19,0,11,35,2022-05-13,1,low,fast,high_energy,mid_dance,other,3133.0,101847654.7,3133,18.66212918190112
Yo No Soy Celoso,Bad Bunny,1,2022,5,6,1179,0,313113297.0,7,21,11,0,0.0,142,Unknown,Major,87,93,59,28,0,17,5,2022-05-06,1,mid,fast,mid_energy,high_dance,other,1218.0,250490755.50000003,1197,19.56207565744838
Rich Spirit,Kendrick Lamar,1,2022,5,13,3486,0,173702135.0,20,10,33,0,0.0,96,A#,Minor,85,41,43,39,0,12,21,2022-05-13,1,low,medium,mid_energy,high_dance,other,3549.0,138962056.6,3539,18.972852528199628
Cooped Up (with Roddy Ricch),"Post Malone, Roddy Ricch",2,2022,5,12,2942,0,271666301.0,42,28,43,0,0.0,125,Unknown,Major,50,39,78,4,0,11,33,2022-05-12,1,mid,fast,high_energy,mid_dance,other,3055.0,217333335.0,3027,19.42008504020484
Me Fui de Vacaciones,Bad Bunny,1,2022,5,6,1443,0,305650299.0,9,11,22,1,0.0,85,A#,Major,71,43,65,23,0,9,5,2022-05-06,1,mid,slow,mid_energy,high_dance,other,1486.0,244520383.50000003,1474,19.53795219595333
Silent Hill,"Kendrick Lamar, Kodak Black",2,2022,5,13,3028,0,123216717.0,22,0,23,0,0.0,140,C#,Minor,92,78,57,46,0,14,9,2022-05-13,1,low,fast,mid_energy,high_dance,other,3073.0,98573676.4,3073,18.629455297909495
La Corriente,"Tony Dize, Bad Bunny",2,2022,5,6,1796,8,479655659.0,8,25,18,1,0.0,196,B,Minor,66,58,79,23,0,22,20,2022-05-06,1,high,fast,high_energy,mid_dance,other,1856.0,383724707.6000001,1822,19.98857902942964
Count Me Out,Kendrick Lamar,1,2022,5,13,2729,0,126191104.0,3,7,13,0,1.0,134,G,Major,78,51,43,69,0,14,9,2022-05-13,1,low,fast,mid_energy,high_dance,chill_song,2753.0,100953156.10000001,2745,18.65330802222757
Andrea,"Buscabulla, Bad Bunny",2,2022,5,6,1195,0,344055883.0,8,30,13,1,1.0,103,C#,Minor,80,45,62,76,0,10,38,2022-05-06,1,mid,medium,mid_energy,high_dance,other,1248.0,275244825.90000004,1216,19.656314655631906
Dos Mil 16,Bad Bunny,1,2022,5,6,892,3,338422004.0,10,24,11,0,0.0,130,C#,Major,82,50,67,12,0,13,5,2022-05-06,1,mid,fast,mid_energy,high_dance,other,940.0,270737692.7,913,19.63980421017795
We Cry Together,"Kendrick Lamar, Taylour Paige",2,2022,5,13,1635,0,68895644.0,4,1,6,0,0.0,108,B,Major,65,52,69,31,0,8,36,2022-05-13,1,low,medium,mid_energy,mid_dance,other,1646.0,55116678.7,1645,18.048103526439036
Savior,"Kendrick Lamar, Sam Dew, Baby Keem",3,2022,5,13,2291,0,86176890.0,9,0,8,0,0.0,123,G#,Major,61,66,71,53,0,32,46,2022-05-13,1,low,fast,high_energy,mid_dance,other,2308.0,68941741.1,2308,18.27191261384562
Un Coco,Bad Bunny,1,2022,5,6,1029,28,403231558.0,5,28,9,0,0.0,152,B,Major,84,74,69,21,0,18,6,2022-05-06,1,mid,fast,mid_energy,high_dance,other,1099.0,322585352.1,1043,19.815021542987758
Otro Atardecer,"Bad Bunny, The Marï¿½ï",2,2022,5,6,1681,7,319546754.0,10,30,13,0,33.0,108,D,Major,78,55,60,59,0,7,4,2022-05-06,1,mid,medium,mid_energy,high_dance,other,1774.0,255637572.0,1704,19.582414159103667
Worldwide Steppers,Kendrick Lamar,1,2022,5,13,1480,0,61739839.0,1,0,5,0,0.0,72,A#,Minor,56,56,47,76,0,8,36,2022-05-13,1,low,slow,mid_energy,mid_dance,chill_song,1486.0,49392019.2,1486,17.938439985522134
Aguacero,Bad Bunny,1,2022,5,6,829,0,283359161.0,4,15,10,0,0.0,121,F#,Minor,86,67,65,42,0,35,7,2022-05-06,1,mid,fast,mid_energy,high_dance,other,858.0,226687411.70000002,843,19.462225774625708
Purple Hearts,"Kendrick Lamar, Ghostface Killah, Summer Walker",3,2022,5,13,2308,0,76831876.0,7,0,7,0,0.0,138,D#,Minor,57,71,82,19,0,15,29,2022-05-13,1,low,fast,high_energy,mid_dance,other,2322.0,61465731.6,2322,18.157130177106374
Un Verano Sin Ti,Bad Bunny,1,2022,5,6,1004,1,283332261.0,8,12,9,0,0.0,188,F,Minor,50,41,50,69,0,12,6,2022-05-06,1,mid,fast,mid_energy,mid_dance,chill_song,1034.0,226665909.3,1021,19.462130837596906
ULTRA SOLO,"Polima WestCoast, Pailita",2,2022,2,14,1367,0,307752576.0,48,4,34,1,0.0,110,C#,Major,80,26,85,23,0,11,21,2022-02-14,1,mid,medium,high_energy,high_dance,party_song,1454.0,246202197.5,1449,19.544806696673714
Ensï¿½ï¿½ï¿½ï¿½ame ,Bad Bunny,1,2022,5,6,1112,3,279737940.0,7,25,12,0,0.0,105,G#,Major,81,77,79,19,0,47,8,2022-05-06,1,mid,medium,high_energy,high_dance,party_song,1159.0,223790463.5,1131,19.449363797882253
El Apagï¿½,Bad Bunny,1,2022,5,6,1209,0,212351890.0,9,7,14,0,1.0,118,G#,Major,63,60,70,5,0,9,31,2022-05-06,1,mid,medium,mid_energy,mid_dance,other,1240.0,169881632.9,1232,19.173755319793393
Callaita,"Bad Bunny, Tainy",2,2019,5,31,9539,15,1304313953.0,162,116,355,7,0.0,176,D,Major,61,24,62,60,0,24,31,2019-05-31,4,high,fast,mid_energy,mid_dance,sad_song,10194.0,1043452117.8000001,10056,20.988943033742228
Dua Lipa,Jack Harlow,1,2022,5,6,1992,0,150500965.0,35,0,3,0,0.0,158,B,Major,83,41,65,0,10,11,8,2022-05-06,1,low,fast,mid_energy,high_dance,other,2030.0,120400971.2,2030,18.829480060737257
Agosto,Bad Bunny,1,2022,5,6,897,0,246127838.0,6,20,8,0,0.0,115,C#,Minor,85,72,58,9,0,49,12,2022-05-06,1,mid,medium,mid_energy,high_dance,other,931.0,196902360.1,911,19.321361629646272
House Of Memories,Panic! At The Disco,1,2016,1,15,2948,0,582863434.0,10,2,150,0,0.0,110,B,Minor,51,48,82,0,0,5,3,2016-01-15,7,high,medium,high_energy,mid_dance,other,3110.0,466291042.00000006,3108,20.183463471592034
Mr. Morale,"Kendrick Lamar, Tanna Leone",2,2022,5,13,1860,0,58687425.0,1,0,3,0,0.0,174,A,Major,73,26,54,30,0,34,32,2022-05-13,1,low,fast,mid_energy,high_dance,sad_song,1864.0,46950126.0,1864,17.88773605401609
That That (prod. & feat. SUGA of BTS),"PSY, Suga",2,2022,4,29,802,0,212109195.0,16,81,23,0,0.0,130,E,Major,91,91,96,3,0,3,9,2022-04-29,1,mid,fast,high_energy,high_dance,party_song,922.0,169687436.2,841,19.172611775502148
In The Stars,Benson Boone,1,2022,4,29,2224,8,382199619.0,48,40,87,1,210.0,78,A#,Major,36,30,54,34,0,14,5,2022-04-29,1,mid,slow,mid_energy,low_dance,sad_song,2618.0,305759918.4,2359,19.761453595526103
Rich - Interlude,Kendrick Lamar,1,2022,5,13,1103,0,41210087.0,0,0,0,0,0.0,104,G,Major,44,74,42,88,0,9,9,2022-05-13,1,low,medium,mid_energy,mid_dance,chill_song,1103.0,32968179.900000002,1103,17.534193638716747
SUPERMODEL,Mï¿½ï¿½ne,1,2022,5,13,2265,0,231657891.0,93,12,173,11,3.0,121,G,Major,64,80,88,0,0,12,6,2022-05-13,1,mid,fast,high_energy,mid_dance,other,2557.0,185326539.3,2531,19.26077223788464
Stefania (Kalush Orchestra),KALUSH,1,2022,3,10,555,0,53729194.0,10,4,4,0,0.0,105,D,Major,83,32,82,14,0,12,4,2022-03-10,1,low,medium,high_energy,high_dance,party_song,573.0,42983410.7,569,17.799467080273764
Thousand Miles,The Kid Laroi,1,2022,4,22,2050,0,244741137.0,52,9,46,0,1.0,81,G,Major,38,20,66,9,0,9,8,2022-04-22,1,mid,slow,mid_energy,low_dance,sad_song,2158.0,195793114.60000002,2148,19.31571163034346
Crown,Kendrick Lamar,1,2022,5,13,1493,0,42485571.0,2,0,10,0,0.0,170,C#,Minor,37,14,24,80,0,11,4,2022-05-13,1,low,fast,low_energy,low_dance,chill_song,1505.0,33988606.1,1505,17.564675093904526
Auntie Diaries,Kendrick Lamar,1,2022,5,13,1545,0,37778188.0,1,0,4,0,0.0,78,G,Major,43,60,38,76,1,48,38,2022-05-13,1,low,slow,low_energy,mid_dance,chill_song,1550.0,30222704.900000002,1550,17.447242483473136
PUFFIN ON ZOOTIEZ,Future,1,2022,4,29,2350,0,254218729.0,28,42,23,0,0.0,125,G#,Major,88,28,66,6,0,13,31,2022-04-29,1,mid,fast,mid_energy,high_dance,sad_song,2443.0,203375218.20000002,2401,19.35370559614528
Mirror,Kendrick Lamar,1,2022,5,13,1929,0,53603447.0,2,0,4,0,0.0,92,E,Minor,66,29,65,23,0,8,7,2022-05-13,1,low,medium,mid_energy,mid_dance,sad_song,1935.0,42882950.5,1935,17.79712395233026
Beautiful Girl,Luciano,1,2022,4,22,710,4,160035717.0,16,11,18,0,0.0,140,B,Minor,84,61,42,31,0,9,9,2022-04-22,1,low,fast,mid_energy,high_dance,other,759.0,128028645.00000001,744,18.89090758578432
"Paulo Londra: Bzrp Music Sessions, Vol. 23","Bizarrap, Paulo Londra",2,2022,4,25,928,0,164163229.0,19,0,7,0,0.0,96,Unknown,Major,61,32,90,25,0,10,9,2022-04-25,1,low,medium,high_energy,mid_dance,other,954.0,131330676.0,954,18.916371795679037
Savior - Interlude,Kendrick Lamar,1,2022,5,13,1194,0,37091576.0,0,0,3,0,0.0,118,F,Minor,66,83,43,84,0,19,19,2022-05-13,1,low,medium,mid_energy,mid_dance,chill_song,1197.0,29673380.2,1197,17.428900466760876
Pasoori,"Shae Gill, Ali Sethi",2,2022,2,6,349,6,284249832.0,10,22,3,0,0.0,92,B,Minor,71,67,60,7,0,6,4,2022-02-06,1,mid,medium,mid_energy,high_dance,other,390.0,227399901.10000002,362,19.465364103083754
Mother I Sober (feat. Beth Gibbons of Portishead),"Kendrick Lamar, Beth Gibbons",2,2022,5,13,1890,0,33381454.0,3,0,2,0,0.0,140,G#,Minor,49,50,37,87,0,11,35,2022-05-13,1,low,fast,low_energy,mid_dance,chill_song,1895.0,26705352.200000003,1895,17.323511064223425
TUS Lï¿½ï¿½GR,"Sech, Mora",2,2022,4,1,1308,2,184622518.0,23,16,9,0,5.0,174,C#,Major,68,45,71,18,0,11,25,2022-04-01,1,mid,fast,high_energy,mid_dance,other,1363.0,147698145.4,1340,19.033823860675426
Where Did You Go?,"MNEK, Jax Jones",2,2022,1,26,4531,0,300983101.0,135,74,119,1,18.0,127,A#,Major,77,53,78,19,0,29,4,2022-01-26,1,mid,fast,high_energy,high_dance,party_song,4878.0,240786933.9,4785,19.522564681602383
I Tried to Tell Y'all,"Ugly Dray, Tesla Jnr",2,2022,5,6,1657,0,121077868.0,15,3,3,0,0.0,96,B,Major,71,37,52,62,0,11,36,2022-05-06,1,low,medium,mid_energy,high_dance,other,1678.0,96862460.10000001,1675,18.61194444202898
Honest (feat. Don Toliver),"Justin Bieber, Don Toliver",2,2022,4,29,1351,0,106919680.0,26,1,17,0,0.0,150,G#,Minor,82,82,66,13,0,11,6,2022-04-29,1,low,fast,mid_energy,high_dance,other,1395.0,85535879.1,1394,18.48758846569145
ZOOM,Jessi,1,2022,4,13,608,0,136996305.0,5,29,14,0,0.0,100,F#,Major,87,46,60,1,0,13,16,2022-04-13,1,low,medium,mid_energy,high_dance,other,656.0,109597104.8,627,18.735464519925227
SloMo,Chanel,1,2021,12,24,1211,0,65719930.0,31,0,19,0,2.0,105,C#,Minor,73,59,81,13,0,9,6,2021-12-24,2,low,medium,high_energy,high_dance,party_song,1263.0,52576065.1,1261,18.000912801224086
FEARLESS,LE SSERAFIM,1,2022,5,2,629,0,229497852.0,18,75,9,0,0.0,104,G,Major,86,43,62,5,0,13,14,2022-05-02,1,mid,medium,mid_energy,high_dance,other,731.0,183598344.50000003,656,19.25140423230129
10 Things I Hate About You,Leah Kate,1,2022,3,23,1301,0,185550869.0,23,1,15,0,0.0,154,G#,Major,54,45,79,1,0,17,5,2022-03-23,1,mid,fast,high_energy,mid_dance,other,1340.0,148440825.3,1339,19.038839634223024
SPACE MAN,Sam Ryder,1,2022,2,22,1329,0,54682594.0,42,51,32,0,0.0,80,B,Major,47,33,83,18,0,10,5,2022-02-22,1,low,slow,high_energy,mid_dance,other,1454.0,43746208.1,1403,17.81705602663102
With you,"HA SUNG WOON, Jimin",2,2022,4,24,343,2,240580042.0,4,35,11,1,1.0,150,D#,Major,53,14,43,64,0,13,3,2022-04-24,1,mid,fast,mid_energy,mid_dance,chill_song,397.0,192464068.10000002,358,19.298563411264908
Iris,The Goo Goo Dolls,1,1998,3,31,13101,9,1284942608.0,137,5,582,0,0.0,156,B,Minor,32,49,72,0,0,9,4,1998-03-31,25,high,fast,high_energy,low_dance,other,13834.0,1027955397.4000001,13820,20.973979892039395
The Heart Part 5,Kendrick Lamar,1,2022,5,8,2939,0,71423324.0,29,0,30,0,0.0,98,G#,Minor,76,79,81,18,0,6,34,2022-05-08,1,low,medium,high_energy,high_dance,party_song,2998.0,57138953.1,2998,18.08413505463357
San Lucas,Kevin Kaarl,1,2019,11,7,407,1,244891912.0,5,0,5,0,0.0,92,G,Major,58,27,36,86,0,9,3,2019-11-07,4,mid,medium,low_energy,mid_dance,chill_song,418.0,195913570.4,417,19.316327499735685
This Love (Taylorï¿½ï¿½ï¿½s Ve,Taylor Swift,1,2022,5,6,1492,0,132171975.0,26,2,15,0,2.0,144,E,Major,47,7,50,32,0,7,4,2022-05-06,1,low,fast,mid_energy,mid_dance,sad_song,1537.0,105737729.2,1533,18.699614481064845
Good Looking,Suki Waterhouse,1,2017,10,20,2264,0,184706613.0,11,6,25,0,1.0,150,E,Major,37,27,56,8,0,13,3,2017-10-20,6,mid,fast,mid_energy,low_dance,sad_song,2307.0,147765516.8,2300,19.03427925394901
Flowers,Lauren Spencer Smith,1,2021,8,9,801,0,184826429.0,42,9,24,1,1.0,138,D#,Major,70,31,44,84,0,9,39,2021-08-09,2,mid,fast,mid_energy,mid_dance,chill_song,878.0,147861223.3,867,19.034927726426066
Yet To Come,BTS,1,2022,6,10,829,0,302006641.0,32,110,26,0,0.0,172,C#,Major,56,68,89,4,0,33,19,2022-06-10,1,mid,fast,high_energy,mid_dance,other,997.0,241605395.70000002,887,19.525959568474775
Run BTS,BTS,1,2022,6,10,736,0,330881149.0,5,132,17,0,3.0,77,G#,Major,72,70,82,2,0,4,17,2022-06-10,1,mid,slow,high_energy,high_dance,party_song,893.0,264704992.8,758,19.617269805418516
Music For a Sushi Restaurant,Harry Styles,1,2022,5,20,4449,1,334733572.0,80,11,66,0,1.0,107,B,Major,72,36,72,26,6,11,4,2022-05-20,1,mid,medium,high_energy,high_dance,party_song,4608.0,267787302.60000002,4595,19.62884546888934
Matilda,Harry Styles,1,2022,5,20,3218,3,366214458.0,29,10,79,0,0.0,114,D,Major,51,39,29,90,0,10,4,2022-05-20,1,mid,medium,low_energy,mid_dance,chill_song,3339.0,292971888.50000006,3326,19.718729673313803
For Youth,BTS,1,2022,6,10,327,0,114546317.0,5,40,12,0,0.0,117,D,Major,63,29,51,43,0,25,4,2022-06-10,1,low,medium,mid_energy,mid_dance,sad_song,384.0,91637086.30000001,344,18.556489823178254
Daylight,Harry Styles,1,2022,5,20,2775,0,290833204.0,21,11,40,0,0.0,146,Unknown,Major,69,63,45,48,0,18,4,2022-05-20,1,mid,fast,mid_energy,mid_dance,other,2847.0,232666840.70000002,2836,19.488260482111905
Vegas (From the Original Motion Picture Soundtrack ELVIS),Doja Cat,1,2022,5,6,4576,0,448500832.0,79,13,93,0,17.0,160,G#,Minor,80,74,60,8,0,14,26,2022-05-06,1,mid,fast,mid_energy,high_dance,other,4778.0,358801123.20000005,4748,19.921421096763517
Cash In Cash Out,"Pharrell Williams, Tyler, The Creator, 21 Savage",4,2022,6,10,2313,0,136676504.0,34,0,29,0,0.0,120,G,Major,88,15,56,1,0,8,6,2022-06-10,1,low,medium,mid_energy,high_dance,sad_song,2376.0,109341434.5,2376,18.733127414208397
Potion (with Dua Lipa & Young Thug),"Calvin Harris, Dua Lipa, Young Thug",3,2022,5,27,3983,0,190625045.0,73,45,119,0,0.0,100,B,Minor,82,76,70,16,0,8,5,2022-05-27,1,mid,medium,mid_energy,high_dance,party_song,4220.0,152500434.3,4175,19.065818946637396
Born Singer,BTS,1,2022,6,10,279,0,79095270.0,0,18,6,0,0.0,158,G#,Minor,60,68,84,4,0,24,11,2022-06-10,1,low,fast,high_energy,mid_dance,other,303.0,63276243.9,285,18.186163645868508
Little Freak,Harry Styles,1,2022,5,20,2302,0,273194684.0,20,3,39,0,0.0,142,D#,Major,56,40,54,72,0,10,4,2022-05-20,1,mid,fast,mid_energy,mid_dance,other,2364.0,218555977.4,2361,19.42569523085966
La Llevo Al Cielo (Ft. ï¿½ï¿½engo F,"Nengo Flow, Anuel Aa, Chris Jedi, Chencho Corleone",4,2022,5,20,3559,3,333146475.0,36,1,31,0,1.0,170,A,Minor,80,77,85,11,0,17,14,2022-05-20,1,mid,fast,high_energy,high_dance,party_song,3631.0,266517536.20000002,3626,19.624092819099076
True Love,"Kanye West, XXXTENTACION",2,2022,5,27,2129,0,194902696.0,23,1,44,1,0.0,84,F,Minor,71,39,86,2,0,51,25,2022-05-27,1,mid,slow,high_energy,high_dance,party_song,2198.0,155922369.70000002,2196,19.08801100224762
Satellite,Harry Styles,1,2022,5,20,3291,5,311482393.0,43,28,79,0,208.0,139,Unknown,Major,58,30,46,14,0,9,3,2022-05-20,1,mid,fast,mid_energy,mid_dance,sad_song,3654.0,249186244.0,3413,19.556853374530256
Pass The Dutchie,Musical Youth,1,1982,1,1,5328,0,195918494.0,54,76,900,0,0.0,151,G,Major,73,88,67,20,0,32,5,1982-01-01,41,mid,fast,mid_energy,high_dance,other,6358.0,156735328.00000003,6282,19.09320928887186
"Villano Antillano: Bzrp Music Sessions, Vol. 51","Bizarrap, Villano Antillano",2,2022,6,8,1401,0,248511839.0,26,16,17,0,1.0,128,C#,Minor,82,42,75,6,0,63,6,2022-06-08,1,mid,fast,high_energy,high_dance,party_song,1461.0,198809611.3,1444,19.33100104824118
Love Of My Life,Harry Styles,1,2022,5,20,1933,0,233671263.0,13,2,31,0,0.0,118,G,Major,56,20,54,67,0,6,5,2022-05-20,1,mid,medium,mid_energy,mid_dance,sad_song,1979.0,186937203.70000002,1977,19.269425830887567
Grapejuice,Harry Styles,1,2022,5,20,1986,0,199587884.0,7,1,15,0,0.0,183,F,Major,65,88,72,36,14,20,3,2022-05-20,1,mid,fast,high_energy,mid_dance,other,2009.0,159670505.8,2008,19.111765223606753
So Good,Halsey,1,2022,6,9,1057,0,91781263.0,51,14,19,0,0.0,83,D#,Minor,63,29,62,4,0,18,4,2022-06-09,1,low,slow,mid_energy,mid_dance,sad_song,1141.0,73425116.10000001,1127,18.33491873889976
Belly Dancer,"BYOR, Imanbek",2,2022,2,18,5115,13,383835984.0,109,38,301,1,33.0,122,C#,Major,85,42,80,6,0,17,14,2022-02-18,1,mid,fast,high_energy,high_dance,party_song,5610.0,307069300.0,5525,19.765725896913416
Keep Driving,Harry Styles,1,2022,5,20,2094,1,236060709.0,8,1,18,0,0.0,165,A,Major,72,90,48,32,0,18,23,2022-05-20,1,mid,fast,mid_energy,high_dance,other,2122.0,188848776.70000002,2120,19.279599575670577
Cinema,Harry Styles,1,2022,5,20,2171,0,189236868.0,18,1,28,0,0.0,106,A,Minor,83,90,64,35,5,9,4,2022-05-20,1,mid,medium,mid_energy,high_dance,other,2218.0,151389711.5,2217,19.05851006346247
Die Young (feat. 347aidan),"Sleepy hallow, 347aidan",2,2022,5,25,896,0,160845341.0,19,0,15,0,0.0,77,B,Major,81,68,58,83,0,11,34,2022-05-25,1,low,slow,mid_energy,high_dance,other,930.0,128676362.4,930,18.895953852572866
Only Love Can Hurt Like This,Paloma Faith,1,2014,1,1,5148,0,588955257.0,90,22,365,0,114.0,91,G#,Major,57,30,89,10,0,33,8,2014-01-01,9,high,medium,high_energy,mid_dance,sad_song,5739.0,471164720.40000004,5603,20.193860776081994
Hold My Hand,Lady Gaga,1,2022,5,3,2528,0,238350348.0,63,8,270,2,105.0,148,G,Major,51,21,63,5,0,41,3,2022-05-03,1,mid,fast,mid_energy,mid_dance,sad_song,2976.0,190680531.20000002,2861,19.289252203847308
Daydreaming,Harry Styles,1,2022,5,20,1900,1,187703102.0,15,1,23,0,0.0,114,E,Minor,71,90,81,31,2,13,3,2022-05-20,1,mid,medium,high_energy,high_dance,party_song,1940.0,150162671.7,1938,19.05037203311961
Numb,"Marshmello, Khalid",2,2022,6,10,3879,2,295307001.0,107,76,86,1,9.0,120,Unknown,Minor,91,63,77,12,1,10,5,2022-06-10,1,mid,medium,high_energy,high_dance,party_song,4160.0,236245988.9,4072,19.50352605791289
Nos Comemos (feat. Ozuna),"Ozuna, Tiago pzk",2,2022,6,2,896,0,138334433.0,0,0,2,0,0.0,92,F#,Major,83,56,82,10,0,9,5,2022-06-02,1,low,medium,high_energy,high_dance,party_song,898.0,110667636.0,898,18.745184746121716
Me and Your Mama,Childish Gambino,1,2016,11,10,8775,0,445590495.0,33,60,107,1,0.0,118,F,Major,56,25,45,1,3,7,3,2016-11-10,7,mid,medium,mid_energy,mid_dance,sad_song,8976.0,356473273.5,8915,19.91491091780411
Crazy What Love Can Do,"David Guetta, Ella Henderson, Becky Hill",3,2022,3,18,5290,0,286739476.0,139,73,142,0,5.0,123,E,Minor,60,46,71,3,0,16,4,2022-03-18,1,mid,fast,high_energy,mid_dance,other,5649.0,229392109.8,5571,19.47408461582872
SLOW DANCING IN THE DARK,Joji,1,2018,9,12,10211,0,1122364376.0,38,79,65,0,1.0,89,D#,Major,52,28,48,54,1,19,3,2018-09-12,5,high,slow,mid_energy,mid_dance,sad_song,10394.0,897892521.9000001,10314,20.83870334800937
Antes de Perderte,Duki,1,2022,6,2,584,8,157136970.0,12,1,8,0,1.0,110,F,Minor,81,61,93,49,0,12,11,2022-06-02,1,low,medium,high_energy,high_dance,party_song,614.0,125709635.2,604,18.872628409721155
Boyfriends,Harry Styles,1,2022,5,20,1517,0,137070925.0,26,2,30,0,0.0,118,Unknown,Major,42,32,20,94,0,11,4,2022-05-20,1,low,medium,low_energy,mid_dance,chill_song,1575.0,109656891.7,1573,18.73600905785703
295,Sidhu Moose Wala,1,2021,5,15,246,4,183273246.0,4,106,0,0,7.0,90,B,Minor,68,54,76,21,0,11,20,2021-05-15,2,mid,slow,high_energy,mid_dance,other,367.0,146618621.8,250,19.026488750166635
Tak Ingin Usai,Keisya Levronka,1,2022,5,13,220,4,184807630.0,16,5,0,0,6.0,130,Unknown,Major,49,14,40,82,0,11,3,2022-05-13,1,mid,fast,low_energy,mid_dance,chill_song,251.0,147846126.4,236,19.034826009609358
En El Radio Un Cochinero,Victor Cibrian,1,2022,5,13,514,0,164856284.0,5,36,1,0,0.0,154,F#,Minor,70,97,62,47,0,10,4,2022-05-13,1,low,fast,mid_energy,mid_dance,other,556.0,131885078.60000001,520,18.920584652323953
Master of Puppets (Remastered),Metallica,1,1986,3,3,6080,0,704171068.0,112,198,406,1,0.0,105,E,Minor,54,59,83,0,44,20,4,1986-03-03,37,high,medium,high_energy,mid_dance,other,6797.0,563337462.4,6598,20.37253188034227
BREAK MY SOUL,Beyoncï¿,1,2022,6,21,9724,0,354614964.0,222,61,259,14,2.0,115,C#,Minor,70,87,88,4,0,26,8,2022-06-21,1,mid,medium,high_energy,mid_dance,party_song,10282.0,283692943.59999996,10205,19.68654315319555
ULTRA SOLO REMIX,"De La Ghetto, Feid, Polima WestCoast, Paloma Mami, Pailita",5,2022,6,16,2341,0,279717388.0,37,2,38,2,0.0,110,C#,Major,91,59,82,8,0,6,8,2022-06-16,1,mid,medium,high_energy,high_dance,party_song,2420.0,223774144.5,2416,19.44929032642204
Massive,Drake,1,2022,6,17,5263,0,195628667.0,66,89,61,0,11.0,125,E,Minor,51,5,68,12,2,15,6,2022-06-17,1,mid,fast,mid_energy,mid_dance,sad_song,5490.0,156503459.9,5390,19.091728869242655
Betty (Get Money),Yung Gravy,1,2022,6,10,2402,0,221752937.0,45,2,26,0,1.0,102,C#,Major,73,62,75,0,0,34,8,2022-06-10,1,mid,medium,high_energy,high_dance,party_song,2476.0,177402589.8,2473,19.21707442822065
Ojos Marrones,Lasso,1,2022,2,6,795,11,263280370.0,26,18,15,1,4.0,120,G#,Minor,81,72,65,4,0,14,4,2022-02-06,1,mid,medium,mid_energy,high_dance,other,870.0,210624376.6,836,19.388730071744522
POP!,Nayeon,1,2022,6,24,571,0,213505179.0,19,21,14,0,2.0,97,D,Major,80,36,86,4,0,3,5,2022-06-24,1,mid,medium,high_energy,high_dance,party_song,627.0,170804200.3,604,19.17917165263371
Layla,"Schï¿½ï¿½rze, DJ R",2,2022,3,24,832,3,130419412.0,18,124,24,1,0.0,140,F,Minor,44,41,92,0,0,44,7,2022-03-24,1,low,fast,high_energy,mid_dance,other,1002.0,104335613.10000001,874,18.686266069075774
MORE,j-hope,1,2022,7,1,565,0,155795783.0,6,52,11,0,0.0,97,D,Major,78,31,72,1,0,11,4,2022-07-01,1,low,medium,high_energy,high_dance,party_song,634.0,124636682.9,582,18.864056630701022
Sweet Child O' Mine,Guns N' Roses,1,1987,1,1,41231,1,1553497987.0,228,151,6720,3,99.0,125,F#,Major,45,67,90,9,11,10,5,1987-01-01,36,high,fast,high_energy,mid_dance,other,48433.0,1242802512.8,48179,21.16377499165653
Last Last,Burna Boy,1,2022,5,12,4526,12,293466523.0,156,275,150,3,128.0,88,D#,Minor,80,55,56,13,0,8,9,2022-05-12,1,mid,slow,mid_energy,high_dance,other,5250.0,234773672.2,4832,19.49727413280569
SNAP,Rosa Linn,1,2022,3,19,1818,0,711366595.0,3,0,63,0,353.0,170,Unknown,Major,56,52,64,11,0,45,7,2022-03-19,1,high,fast,mid_energy,mid_dance,other,2237.0,569093457.8,1884,20.382698461076785
Sticky,Drake,1,2022,6,17,2814,0,191448892.0,38,105,25,0,2.0,137,A#,Minor,88,8,49,9,0,9,14,2022-06-17,1,mid,fast,mid_energy,high_dance,sad_song,2984.0,153159395.0,2877,19.0701314536823
Hot Shit (feat. Ye & Lil Durk),"Kanye West, Lil Durk, Cardi B",3,2022,7,1,1601,0,85924992.0,11,0,2,0,0.0,157,A,Major,88,52,69,0,0,8,23,2022-07-01,1,low,fast,mid_energy,high_dance,other,1614.0,68740153.7,1614,18.268985299233773
Ai Preto,"L7nnon, DJ Biel do Furduncinho, Bianca",3,2022,6,3,894,4,176103902.0,28,0,54,0,0.0,130,F#,Major,95,83,57,54,0,10,25,2022-06-03,1,low,fast,mid_energy,high_dance,other,980.0,140883211.4,976,18.986584736764268
La Loto,"Anitta, Tini, Becky G",3,2022,7,6,945,0,121189256.0,49,3,57,0,0.0,90,C#,Major,85,80,83,10,0,8,11,2022-07-06,1,low,slow,high_energy,high_dance,party_song,1054.0,96951499.30000001,1051,18.612863989056994
die first,Nessa Barrett,1,2022,6,24,767,0,131746175.0,25,0,22,0,0.0,183,G#,Minor,44,44,67,7,0,12,13,2022-06-24,1,low,fast,mid_energy,mid_dance,other,814.0,105397016.7,814,18.696387720296592
Afraid To Feel,LF System,1,2022,5,2,5898,5,244790012.0,129,55,128,0,101.0,128,C#,Major,58,68,91,2,0,27,11,2022-05-02,1,mid,fast,high_energy,mid_dance,other,6316.0,195832599.90000004,6155,19.315911311201614
Baile no Morro,"Mc Vitin Da Igrejinha, MC Tairon, DJ Win",3,2022,6,10,685,2,129314708.0,17,0,24,0,30.0,130,D#,Minor,71,78,40,46,0,7,45,2022-06-10,1,low,fast,low_energy,high_dance,other,758.0,103451835.10000001,726,18.677759595972752
cï¿½ï¿½mo dormi,Rels B,1,2022,8,4,1452,35,331511413.0,16,15,20,0,0.0,126,C#,Major,63,56,43,24,0,12,23,2022-08-04,1,mid,fast,mid_energy,mid_dance,other,1538.0,265209279.1,1488,19.619172798369995
Bad Decisions (with BTS & Snoop Dogg),"Snoop Dogg, BTS, Benny Blanco",3,2022,8,5,1456,0,219196651.0,53,2,33,0,0.0,120,Unknown,Major,77,94,87,2,0,23,12,2022-08-05,1,mid,medium,high_energy,high_dance,party_song,1544.0,175357466.4,1542,19.205479839198862
STAYING ALIVE (feat. Drake & Lil Baby),"Drake, DJ Khaled, Lil Baby",3,2022,8,5,2107,0,170732845.0,51,1,50,0,0.0,130,E,Minor,72,18,46,7,0,28,8,2022-08-05,1,low,fast,mid_energy,high_dance,sad_song,2209.0,136586486.7,2208,18.95561058870375
Caile,Luar La L,1,2020,12,18,1494,2,273914335.0,17,12,15,0,0.0,122,Unknown,Major,70,46,76,30,0,9,45,2020-12-18,3,mid,fast,high_energy,mid_dance,party_song,1540.0,219131617.6,1526,19.428325973133774
Si Te La Encuentras Por Ahï¿,Feid,1,2022,8,5,1379,4,179061440.0,23,10,18,0,0.0,172,G#,Minor,74,46,58,15,0,13,8,2022-08-05,1,low,fast,mid_energy,high_dance,other,1434.0,143249290.3,1420,19.00323955071972
GIVENCHY,Duki,1,2022,7,20,625,4,185236961.0,13,18,12,0,0.0,103,G#,Major,61,38,62,14,0,23,40,2022-07-20,1,mid,medium,mid_energy,mid_dance,other,672.0,148189631.70000002,650,19.03714643909684
ALIEN SUPERSTAR,Beyoncï¿,1,2022,7,29,2688,0,171788484.0,39,47,36,0,0.0,122,A#,Minor,55,46,64,0,0,17,10,2022-07-29,1,low,fast,mid_energy,mid_dance,other,2810.0,137431056.00000003,2763,18.961774539656936
Mary On A Cross,Ghost,1,2019,9,13,2668,2,387080183.0,38,266,78,0,141.0,130,B,Major,47,56,90,0,0,10,4,2019-09-13,4,mid,fast,high_energy,mid_dance,other,3193.0,309664413.40000004,2784,19.774142423330836
Attention,NewJeans,1,2022,8,1,799,12,264717480.0,14,141,9,0,1.0,105,A#,Minor,81,70,65,24,0,8,4,2022-08-01,1,mid,medium,mid_energy,high_dance,other,976.0,211774065.1,822,19.39417370581764
THE SHADE,Rex Orange County,1,2022,3,11,1189,6,244928911.0,17,10,16,0,4.0,120,F,Major,90,73,51,39,0,9,6,2022-03-11,1,mid,medium,mid_energy,high_dance,other,1242.0,195943248.3,1222,19.316478571303826
"Come Back Home - From ""Purple Hearts""",Sofia Carson,1,2022,7,12,367,0,97610446.0,28,67,195,0,0.0,145,G,Major,56,43,53,24,0,12,4,2022-07-12,1,low,fast,mid_energy,mid_dance,other,657.0,78088393.5,590,18.39649508458949
El Rescate,"Grupo Marca Registrada, Junior H",2,2022,7,22,527,4,287278853.0,10,43,3,1,0.0,99,G,Minor,79,64,59,28,0,11,14,2022-07-22,1,mid,medium,mid_energy,high_dance,other,588.0,229823135.5,540,19.475963918734628
Heartless,Kanye West,1,2008,1,1,17504,34,887906111.0,63,39,1315,0,2.0,88,A#,Minor,79,66,65,5,0,25,14,2008-01-01,15,high,slow,mid_energy,high_dance,other,18957.0,710326642.6,18882,20.604376565636933
"Stay With Me (with Justin Timberlake, Halsey, & Pharrell)","Calvin Harris, Halsey, Pharrell Williams, Justin Timberlake",4,2022,7,15,3113,0,123473120.0,54,6,124,1,0.0,126,A,Major,81,90,73,28,0,29,4,2022-07-15,1,low,fast,high_energy,high_dance,party_song,3298.0,98778807.3,3291,18.631534046619777
Siempre Pendientes,"Peso Pluma, Luis R Conriquez",2,2022,8,15,685,5,295152154.0,15,79,4,2,0.0,136,Unknown,Major,77,71,75,33,1,13,4,2022-08-15,1,mid,fast,high_energy,high_dance,party_song,790.0,236121792.20000002,704,19.503001560996502
JGL,"Luis R Conriquez, La Adictiva",2,2022,2,18,782,9,323455692.0,15,33,6,1,0.0,113,G#,Major,70,97,59,55,0,27,12,2022-02-18,1,mid,medium,mid_energy,mid_dance,other,846.0,258764632.70000002,803,19.594572701165042
Don't You Worry,"David Guetta, Shakira, Black Eyed Peas",3,2022,6,16,2442,0,240918092.0,81,4,248,1,6.0,132,B,Major,82,49,88,20,0,21,3,2022-06-16,1,mid,fast,high_energy,high_dance,party_song,2782.0,192734717.8,2771,19.29996757061785
Pipoco,"Melody, Ana Castela, Dj Chris No Beat",3,2022,5,20,1112,4,191873381.0,22,2,65,1,3.0,135,G#,Major,77,74,74,47,0,34,8,2022-05-20,1,mid,fast,high_energy,high_dance,party_song,1209.0,153498816.4,1199,19.07234624369689
Hold Me Closer,"Elton John, Britney Spears",2,2017,11,10,4967,0,284216603.0,165,10,177,4,73.0,126,Unknown,Major,67,49,77,11,0,19,11,2017-11-10,6,mid,fast,high_energy,mid_dance,other,5396.0,227373779.1,5309,19.465247195566
Forget Me,Lewis Capaldi,1,2022,9,9,2520,4,239411309.0,93,95,84,9,202.0,102,C#,Minor,67,72,74,30,0,36,4,2022-09-09,1,mid,medium,high_energy,mid_dance,other,3007.0,191529299.60000002,2697,19.293693593079997
After LIKE,IVE,1,2022,8,22,767,12,265548837.0,20,129,11,0,12.0,125,Unknown,Major,68,80,92,10,0,9,12,2022-08-22,1,mid,fast,high_energy,mid_dance,other,951.0,212439147.5,798,19.397309328999345
Bound 2,Kanye West,1,2013,1,1,19806,7,703301727.0,33,11,274,0,0.0,149,C#,Major,37,28,66,14,0,9,5,2013-01-01,10,high,fast,mid_energy,low_dance,sad_song,20131.0,562643362.9000001,20113,20.37129655826371
B.O.T.A. (Baddest Of Them All) - Edit,"Interplanetary Criminal, Eliza Rose",2,2022,6,15,5153,6,244585109.0,102,53,113,12,0.0,137,Unknown,Major,74,71,89,24,61,15,5,2022-06-15,1,mid,fast,high_energy,high_dance,party_song,5439.0,195668603.10000002,5368,19.3150739044666
Talk that Talk,TWICE,1,2022,8,26,615,0,189476119.0,14,77,15,1,2.0,120,D#,Minor,77,78,91,14,0,33,12,2022-08-26,1,mid,medium,high_energy,high_dance,party_song,724.0,151580956.70000002,644,19.05977355871496
BILLIE EILISH.,Armani White,1,2022,1,20,2537,0,277132266.0,49,1,67,11,1.0,100,C#,Major,90,75,50,11,0,9,26,2022-01-20,1,mid,medium,mid_energy,high_dance,other,2666.0,221706066.5,2653,19.440005448380575
Ferxxo 100,Feid,1,2022,6,3,1647,30,278920007.0,20,49,23,2,2.0,164,G#,Minor,70,58,57,25,0,15,7,2022-06-03,1,mid,fast,mid_energy,mid_dance,other,1773.0,223136173.3,1690,19.446435588999144
KU LO SA - A COLORS SHOW,Oxlade,1,2022,6,10,2019,8,222410722.0,117,72,107,1,7.0,93,A#,Minor,65,79,66,31,0,22,7,2022-06-10,1,mid,medium,mid_energy,mid_dance,other,2331.0,177928780.30000004,2243,19.220036334106457
Prohibidox,Feid,1,2022,9,13,1473,12,185392587.0,25,36,25,1,0.0,180,C#,Minor,65,52,80,5,0,6,25,2022-09-13,1,mid,fast,high_energy,mid_dance,other,1572.0,148314218.1,1523,19.037986231871844
Static,Steve Lacy,1,2022,7,15,1613,0,202452860.0,21,15,13,0,0.0,79,C#,Major,34,22,31,43,63,10,7,2022-07-15,1,mid,slow,low_energy,low_dance,sad_song,1662.0,161962449.3,1647,19.126017632227008
The Scientist,Coldplay,1,2002,8,5,30992,6,1608164312.0,124,25,7827,1,0.0,146,F,Major,56,21,44,73,0,11,2,2002-08-05,21,high,fast,mid_energy,mid_dance,chill_song,38975.0,1286534549.4,38943,21.198359187184177
Sparks,Coldplay,1,2000,7,10,10826,4,624101957.0,24,0,805,0,0.0,103,C#,Major,37,17,27,75,5,10,3,2000-07-10,23,high,medium,low_energy,low_dance,chill_song,11659.0,499282648.6,11655,20.25182430721709
Talk,YEAT,1,2022,9,2,920,0,148461629.0,10,1,8,0,0.0,140,E,Minor,70,26,76,8,0,54,23,2022-09-02,1,low,fast,high_energy,mid_dance,party_song,939.0,118769395.2,938,18.81583709898179
XQ Te Pones Asï¿,"Yandel, Feid",2,2022,9,13,308,0,47093942.0,6,1,6,0,0.0,92,A#,Major,81,48,70,13,0,15,7,2022-09-13,1,low,medium,mid_energy,high_dance,party_song,321.0,37675184.4,320,17.667654951991008
Selfish,PnB Rock,1,2016,6,23,2468,0,380319238.0,15,0,0,0,0.0,102,C#,Minor,64,4,60,11,0,19,4,2016-06-23,7,mid,medium,mid_energy,mid_dance,sad_song,2483.0,304255637.20000005,2483,19.756521560627586
Sin Seï¿½ï,"Ovy On The Drums, Quevedo",2,2022,7,22,1097,2,209106362.0,18,10,13,1,1.0,118,B,Minor,82,75,85,33,1,11,4,2022-07-22,1,mid,medium,high_energy,high_dance,party_song,1142.0,167285199.5,1128,19.158353594351937
Lady Mi Amor,Feid,1,2022,9,13,330,0,53987404.0,3,0,2,0,0.0,93,D,Major,78,75,62,6,0,15,6,2022-09-13,1,low,medium,mid_energy,high_dance,other,335.0,43189956.2,335,17.804261336582957
Poland,Lil Yachty,1,2022,6,23,1584,0,115331792.0,38,0,24,0,0.0,150,F,Minor,70,26,56,14,83,11,5,2022-06-23,1,low,fast,mid_energy,mid_dance,sad_song,1646.0,92265592.00000001,1646,18.563323688773373
THE LONELIEST,Mï¿½ï¿½ne,1,2022,10,7,1585,5,225093344.0,78,65,328,1,198.0,130,D,Major,52,24,60,0,0,8,3,2022-10-07,1,mid,fast,mid_energy,mid_dance,sad_song,2260.0,180074834.20000002,1991,19.23202574080198
Bye Bye,"Marshmello, Juice WRLD",2,2022,10,14,766,0,84697729.0,16,0,9,0,0.0,83,D#,Minor,65,24,53,6,0,51,4,2022-10-14,1,low,slow,mid_energy,mid_dance,sad_song,791.0,67758259.8,791,18.254599358790887
BABY OTAKU,"Fran C, Polima WestCoast, Nickoog Clk, Pablito Pesadilla",4,2022,8,18,836,0,159240673.0,14,1,13,0,0.0,102,A,Major,84,43,75,5,0,6,8,2022-08-18,1,low,medium,high_energy,high_dance,party_song,864.0,127392622.0,863,18.885927288692308
Nxde,(G)I-DLE,1,2022,10,17,430,6,170709584.0,14,116,9,0,11.0,136,E,Minor,73,65,91,4,0,48,18,2022-10-17,1,low,fast,high_energy,high_dance,party_song,586.0,136567710.8,453,18.955474337330607
Miss You,Southstar,1,1982,5,16,2020,0,154356956.0,77,10,119,0,40.0,145,A,Major,66,24,58,17,0,19,5,1982-05-16,41,low,fast,mid_energy,mid_dance,sad_song,2266.0,123485766.80000001,2216,18.85477838078299
we fell in love in october,girl in red,1,2018,11,21,6858,0,723043854.0,31,21,15,0,4.0,130,G,Major,57,24,37,11,18,16,3,2018-11-21,5,high,fast,low_energy,mid_dance,sad_song,6929.0,578435769.0,6904,20.398980435268264
2 Be Loved (Am I Ready),Lizzo,1,2022,7,14,3682,6,247689123.0,41,0,158,2,68.0,156,G,Major,72,92,77,9,0,8,11,2022-07-14,1,mid,fast,high_energy,high_dance,party_song,3957.0,198151667.2,3881,19.327684985542437
Celestial,Ed Sheeran,1,2022,9,29,1639,0,176474912.0,86,14,80,0,37.0,123,D,Major,57,50,85,5,0,16,4,2022-09-29,1,low,fast,high_energy,mid_dance,other,1856.0,141180093.5,1805,18.988689288258012
Typa Girl,BLACKPINK,1,2022,9,16,452,10,235549288.0,2,129,13,0,1.0,132,G,Major,92,53,62,7,0,63,10,2022-09-16,1,mid,fast,mid_energy,high_dance,other,607.0,188439476.6,467,19.27743074463835
I Really Want to Stay at Your House,"Rosa Walton, Hallie Coggins",2,2020,12,18,668,1,140430339.0,0,0,31,0,0.0,125,D#,Minor,49,13,74,0,0,9,4,2020-12-18,3,low,fast,high_energy,mid_dance,sad_song,700.0,112344338.1,699,18.760222123076517
California Breeze,Lil Baby,1,2022,10,14,991,0,85559365.0,36,38,13,0,3.0,162,F,Minor,74,22,67,0,0,11,46,2022-10-14,1,low,fast,mid_energy,high_dance,sad_song,1081.0,68447591.1,1040,18.26472103214635
Bamba (feat. Aitch & BIA),"Luciano, Aitch, Bï¿½",3,2022,9,22,869,7,146223492.0,14,12,12,2,28.0,138,A#,Major,80,82,81,14,0,13,36,2022-09-22,1,low,fast,high_energy,high_dance,party_song,944.0,116978881.20000002,895,18.800646783205035
Casei Com a Putaria,"MC Ryan SP, Love Funk, Mc Paiva ZS",3,2022,7,1,648,4,187701588.0,0,0,30,0,0.0,161,A#,Minor,59,62,60,12,0,5,44,2022-07-01,1,mid,fast,mid_energy,mid_dance,other,682.0,150161335.60000002,678,19.05036396715756
Major Distribution,"Drake, 21 Savage",2,2022,11,4,1545,0,154863153.0,22,7,15,0,0.0,131,G#,Minor,91,23,55,1,0,7,32,2022-11-04,1,low,fast,mid_energy,high_dance,sad_song,1589.0,123890676.9,1582,18.858052407498352
Pussy & Millions (feat. Travis Scott),"Drake, Travis Scott, 21 Savage",3,2022,11,4,1930,0,191333656.0,24,8,17,0,1.0,122,E,Minor,75,45,63,6,0,35,12,2022-11-04,1,mid,fast,mid_energy,high_dance,other,1980.0,153067117.8,1971,19.06952935725193
Vigilante Shit,Taylor Swift,1,2022,10,21,1948,0,253650850.0,12,9,16,0,0.0,80,E,Minor,80,16,28,17,0,12,39,2022-10-21,1,mid,slow,low_energy,high_dance,sad_song,1985.0,202920874.8,1976,19.3514692769881
Question...?,Taylor Swift,1,2022,10,21,1608,0,223064273.0,10,3,12,0,0.0,109,G,Major,75,11,50,20,0,30,17,2022-10-21,1,mid,medium,mid_energy,high_dance,sad_song,1633.0,178451579.20000002,1630,19.22297051211102
On BS,"Drake, 21 Savage",2,2022,11,4,1338,0,170413877.0,9,20,7,0,0.0,158,A,Major,84,33,36,2,0,39,59,2022-11-04,1,low,fast,low_energy,high_dance,other,1374.0,136331235.4,1354,18.953740612705108
Mastermind,Taylor Swift,1,2022,10,21,1936,0,218320587.0,7,5,13,0,0.0,126,E,Major,66,12,35,55,0,9,14,2022-10-21,1,mid,fast,low_energy,mid_dance,sad_song,1961.0,174656663.20000002,1956,19.201475127654977
Circo Loco,"Drake, 21 Savage",2,2022,11,4,1794,0,141720999.0,26,9,17,0,3.0,104,C#,Major,73,25,61,1,0,32,7,2022-11-04,1,low,medium,mid_energy,high_dance,sad_song,1849.0,113376978.60000001,1837,18.76937089410374
Labyrinth,Taylor Swift,1,2022,10,21,1597,0,187339835.0,6,3,15,0,0.0,110,Unknown,Major,48,15,31,80,22,12,4,2022-10-21,1,mid,medium,low_energy,mid_dance,chill_song,1621.0,149872027.7,1618,19.04843483033119
Spin Bout U,"Drake, 21 Savage",2,2022,11,4,1652,2,198365537.0,26,52,10,0,95.0,130,G,Major,77,20,70,1,0,16,5,2022-11-04,1,mid,fast,mid_energy,high_dance,party_song,1837.0,158692594.99999997,1688,19.10562203813075
Sweet Nothing,Taylor Swift,1,2022,10,21,1747,0,186104310.0,9,6,13,0,2.0,177,Unknown,Major,34,39,16,97,0,12,5,2022-10-21,1,mid,fast,low_energy,low_dance,chill_song,1777.0,148883622.7,1769,19.041817886309246
"Would've, Could've, Should've",Taylor Swift,1,2022,10,21,1715,0,177503916.0,4,5,8,0,0.0,158,G,Major,48,55,84,43,0,15,12,2022-10-21,1,low,fast,high_energy,mid_dance,other,1732.0,142003304.3,1727,18.994503234241893
Con La Brisa,"Ludwig Goransson, Foudeqush",2,2022,11,4,486,0,71095708.0,8,1,7,0,0.0,114,D,Minor,62,25,44,51,33,14,3,2022-11-04,1,low,medium,mid_energy,mid_dance,sad_song,502.0,56876615.00000001,501,18.079537541334798
Privileged Rappers,"Drake, 21 Savage",2,2022,11,4,1007,0,112436403.0,6,5,3,0,0.0,144,F,Major,93,62,61,0,0,12,20,2022-11-04,1,low,fast,mid_energy,high_dance,other,1021.0,89949223.10000001,1016,18.537898321989942
The Astronaut,Jin,1,2022,10,28,481,9,203436468.0,10,100,15,1,27.0,125,F,Major,54,22,76,0,0,14,3,2022-10-28,1,mid,fast,high_energy,mid_dance,sad_song,643.0,162749223.4,506,19.130864322458777
BackOutsideBoyz,Drake,1,2022,11,4,1045,0,93367537.0,8,5,2,0,0.0,142,F,Minor,85,40,43,4,0,39,32,2022-11-04,1,low,fast,mid_energy,high_dance,other,1060.0,74694134.10000001,1055,18.352054283899975
Broke Boys,"Drake, 21 Savage",2,2022,11,4,1060,0,106249219.0,3,8,5,0,0.0,120,D,Major,64,11,53,1,0,25,27,2022-11-04,1,low,medium,mid_energy,mid_dance,sad_song,1076.0,84999481.2,1068,18.481298024565383
The Great War,Taylor Swift,1,2022,10,21,1274,0,181382590.0,1,6,11,0,0.0,96,F,Major,57,55,74,22,0,8,4,2022-10-21,1,low,medium,high_energy,mid_dance,other,1292.0,145106199.4,1286,19.01611912080834
My Mind & Me,Selena Gomez,1,2022,11,3,953,0,91473363.0,61,13,37,1,0.0,144,A,Major,60,24,39,57,0,8,3,2022-11-03,1,low,fast,low_energy,mid_dance,sad_song,1065.0,73178785.7,1051,18.33155838404167
Bigger Than The Whole Sky,Taylor Swift,1,2022,10,21,1180,0,121871870.0,4,0,8,0,0.0,166,F#,Major,42,7,24,83,1,12,6,2022-10-21,1,low,fast,low_energy,mid_dance,chill_song,1192.0,97497614.0,1192,18.618480813106554
A Veces (feat. Feid),"Feid, Paulo Londra",2,2022,11,3,573,0,73513683.0,2,0,7,0,0.0,92,C#,Major,80,81,67,4,0,8,6,2022-11-03,1,low,medium,mid_energy,high_dance,other,582.0,58811003.7,582,18.11298212372505
En La De Ella,"Feid, Sech, Jhayco",3,2022,10,20,1320,0,133895612.0,29,26,17,0,0.0,97,C#,Major,82,67,77,8,0,12,5,2022-10-20,1,low,medium,high_energy,high_dance,party_song,1392.0,107116621.60000001,1366,18.71257104686851
Alone,Burna Boy,1,2022,11,4,782,2,96007391.0,27,18,32,1,0.0,90,E,Minor,61,32,67,15,0,11,5,2022-11-04,1,low,slow,mid_energy,mid_dance,other,862.0,76805991.2,841,18.379935746467762
